[{"pk": 1, "model": "simple_accounting.subject", "fields": {"object_id": 1, "content_type": 29}}, {"pk": 2, "model": "simple_accounting.subject", "fields": {"object_id": 1, "content_type": 76}}, {"pk": 3, "model": "simple_accounting.subject", "fields": {"object_id": 2, "content_type": 76}}, {"pk": 4, "model": "simple_accounting.subject", "fields": {"object_id": 2, "content_type": 29}}, {"pk": 5, "model": "simple_accounting.subject", "fields": {"object_id": 3, "content_type": 29}}, {"pk": 6, "model": "simple_accounting.subject", "fields": {"object_id": 4, "content_type": 29}}, {"pk": 7, "model": "simple_accounting.subject", "fields": {"object_id": 5, "content_type": 29}}, {"pk": 8, "model": "simple_accounting.subject", "fields": {"object_id": 1, "content_type": 37}}, {"pk": 1, "model": "simple_accounting.accounttype", "fields": {"base_type": 0, "name": "ROOT"}}, {"pk": 2, "model": "simple_accounting.accounttype", "fields": {"base_type": 1, "name": "INCOME"}}, {"pk": 3, "model": "simple_accounting.accounttype", "fields": {"base_type": 2, "name": "EXPENSE"}}, {"pk": 4, "model": "simple_accounting.accounttype", "fields": {"base_type": 3, "name": "ASSET"}}, {"pk": 1, "model": "simple_accounting.accountsystem", "fields": {"owner": 1}}, {"pk": 2, "model": "simple_accounting.accountsystem", "fields": {"owner": 2}}, {"pk": 3, "model": "simple_accounting.accountsystem", "fields": {"owner": 3}}, {"pk": 4, "model": "simple_accounting.accountsystem", "fields": {"owner": 4}}, {"pk": 5, "model": "simple_accounting.accountsystem", "fields": {"owner": 5}}, {"pk": 6, "model": "simple_accounting.accountsystem", "fields": {"owner": 6}}, {"pk": 7, "model": "simple_accounting.accountsystem", "fields": {"owner": 7}}, {"pk": 8, "model": "simple_accounting.accountsystem", "fields": {"owner": 8}}, {"pk": 1, "model": "simple_accounting.account", "fields": {"is_placeholder": true, "kind": 1, "system": 1, "parent": null, "name": ""}}, {"pk": 2, "model": "simple_accounting.account", "fields": {"is_placeholder": false, "kind": 2, "system": 1, "parent": 1, "name": "incomes"}}, {"pk": 3, "model": "simple_accounting.account", "fields": {"is_placeholder": false, "kind": 3, "system": 1, "parent": 1, "name": "expenses"}}, {"pk": 4, "model": "simple_accounting.account", "fields": {"is_placeholder": false, "kind": 4, "system": 1, "parent": 1, "name": "wallet"}}, {"pk": 5, "model": "simple_accounting.account", "fields": {"is_placeholder": false, "kind": 3, "system": 1, "parent": 3, "name": "other"}}, {"pk": 6, "model": "simple_accounting.account", "fields": {"is_placeholder": false, "kind": 2, "system": 1, "parent": 2, "name": "other"}}, {"pk": 7, "model": "simple_accounting.account", "fields": {"is_placeholder": true, "kind": 1, "system": 2, "parent": null, "name": ""}}, {"pk": 8, "model": "simple_accounting.account", "fields": {"is_placeholder": false, "kind": 2, "system": 2, "parent": 7, "name": "incomes"}}, {"pk": 9, "model": "simple_accounting.account", "fields": {"is_placeholder": false, "kind": 3, "system": 2, "parent": 7, "name": "expenses"}}, {"pk": 10, "model": "simple_accounting.account", "fields": {"is_placeholder": false, "kind": 4, "system": 2, "parent": 7, "name": "cash"}}, {"pk": 11, "model": "simple_accounting.account", "fields": {"is_placeholder": true, "kind": 4, "system": 2, "parent": 7, "name": "members"}}, {"pk": 12, "model": "simple_accounting.account", "fields": {"is_placeholder": true, "kind": 3, "system": 2, "parent": 9, "name": "suppliers"}}, {"pk": 13, "model": "simple_accounting.account", "fields": {"is_placeholder": false, "kind": 2, "system": 2, "parent": 8, "name": "recharges"}}, {"pk": 14, "model": "simple_accounting.account", "fields": {"is_placeholder": false, "kind": 2, "system": 2, "parent": 8, "name": "fees"}}, {"pk": 15, "model": "simple_accounting.account", "fields": {"is_placeholder": false, "kind": 2, "system": 2, "parent": 8, "name": "OutOfDES"}}, {"pk": 16, "model": "simple_accounting.account", "fields": {"is_placeholder": false, "kind": 3, "system": 2, "parent": 9, "name": "OutOfDES"}}, {"pk": 17, "model": "simple_accounting.account", "fields": {"is_placeholder": false, "kind": 3, "system": 2, "parent": 9, "name": "member"}}, {"pk": 18, "model": "simple_accounting.account", "fields": {"is_placeholder": false, "kind": 3, "system": 2, "parent": 9, "name": "gas"}}, {"pk": 19, "model": "simple_accounting.account", "fields": {"is_placeholder": false, "kind": 2, "system": 2, "parent": 8, "name": "member"}}, {"pk": 20, "model": "simple_accounting.account", "fields": {"is_placeholder": true, "kind": 1, "system": 3, "parent": null, "name": ""}}, {"pk": 21, "model": "simple_accounting.account", "fields": {"is_placeholder": false, "kind": 2, "system": 3, "parent": 20, "name": "incomes"}}, {"pk": 22, "model": "simple_accounting.account", "fields": {"is_placeholder": false, "kind": 3, "system": 3, "parent": 20, "name": "expenses"}}, {"pk": 23, "model": "simple_accounting.account", "fields": {"is_placeholder": false, "kind": 4, "system": 3, "parent": 20, "name": "cash"}}, {"pk": 24, "model": "simple_accounting.account", "fields": {"is_placeholder": true, "kind": 4, "system": 3, "parent": 20, "name": "members"}}, {"pk": 25, "model": "simple_accounting.account", "fields": {"is_placeholder": true, "kind": 3, "system": 3, "parent": 22, "name": "suppliers"}}, {"pk": 26, "model": "simple_accounting.account", "fields": {"is_placeholder": false, "kind": 2, "system": 3, "parent": 21, "name": "recharges"}}, {"pk": 27, "model": "simple_accounting.account", "fields": {"is_placeholder": false, "kind": 2, "system": 3, "parent": 21, "name": "fees"}}, {"pk": 28, "model": "simple_accounting.account", "fields": {"is_placeholder": false, "kind": 2, "system": 3, "parent": 21, "name": "OutOfDES"}}, {"pk": 29, "model": "simple_accounting.account", "fields": {"is_placeholder": false, "kind": 3, "system": 3, "parent": 22, "name": "OutOfDES"}}, {"pk": 30, "model": "simple_accounting.account", "fields": {"is_placeholder": false, "kind": 3, "system": 3, "parent": 22, "name": "member"}}, {"pk": 31, "model": "simple_accounting.account", "fields": {"is_placeholder": false, "kind": 3, "system": 3, "parent": 22, "name": "gas"}}, {"pk": 32, "model": "simple_accounting.account", "fields": {"is_placeholder": false, "kind": 2, "system": 3, "parent": 21, "name": "member"}}, {"pk": 33, "model": "simple_accounting.account", "fields": {"is_placeholder": true, "kind": 1, "system": 4, "parent": null, "name": ""}}, {"pk": 34, "model": "simple_accounting.account", "fields": {"is_placeholder": false, "kind": 2, "system": 4, "parent": 33, "name": "incomes"}}, {"pk": 35, "model": "simple_accounting.account", "fields": {"is_placeholder": false, "kind": 3, "system": 4, "parent": 33, "name": "expenses"}}, {"pk": 36, "model": "simple_accounting.account", "fields": {"is_placeholder": false, "kind": 4, "system": 4, "parent": 33, "name": "wallet"}}, {"pk": 37, "model": "simple_accounting.account", "fields": {"is_placeholder": false, "kind": 3, "system": 4, "parent": 35, "name": "other"}}, {"pk": 38, "model": "simple_accounting.account", "fields": {"is_placeholder": false, "kind": 2, "system": 4, "parent": 34, "name": "other"}}, {"pk": 39, "model": "simple_accounting.account", "fields": {"is_placeholder": true, "kind": 1, "system": 5, "parent": null, "name": ""}}, {"pk": 40, "model": "simple_accounting.account", "fields": {"is_placeholder": false, "kind": 2, "system": 5, "parent": 39, "name": "incomes"}}, {"pk": 41, "model": "simple_accounting.account", "fields": {"is_placeholder": false, "kind": 3, "system": 5, "parent": 39, "name": "expenses"}}, {"pk": 42, "model": "simple_accounting.account", "fields": {"is_placeholder": false, "kind": 4, "system": 5, "parent": 39, "name": "wallet"}}, {"pk": 43, "model": "simple_accounting.account", "fields": {"is_placeholder": false, "kind": 3, "system": 5, "parent": 41, "name": "other"}}, {"pk": 44, "model": "simple_accounting.account", "fields": {"is_placeholder": false, "kind": 2, "system": 5, "parent": 40, "name": "other"}}, {"pk": 45, "model": "simple_accounting.account", "fields": {"is_placeholder": true, "kind": 1, "system": 6, "parent": null, "name": ""}}, {"pk": 46, "model": "simple_accounting.account", "fields": {"is_placeholder": false, "kind": 2, "system": 6, "parent": 45, "name": "incomes"}}, {"pk": 47, "model": "simple_accounting.account", "fields": {"is_placeholder": false, "kind": 3, "system": 6, "parent": 45, "name": "expenses"}}, {"pk": 48, "model": "simple_accounting.account", "fields": {"is_placeholder": false, "kind": 4, "system": 6, "parent": 45, "name": "wallet"}}, {"pk": 49, "model": "simple_accounting.account", "fields": {"is_placeholder": false, "kind": 3, "system": 6, "parent": 47, "name": "other"}}, {"pk": 50, "model": "simple_accounting.account", "fields": {"is_placeholder": false, "kind": 2, "system": 6, "parent": 46, "name": "other"}}, {"pk": 51, "model": "simple_accounting.account", "fields": {"is_placeholder": true, "kind": 1, "system": 7, "parent": null, "name": ""}}, {"pk": 52, "model": "simple_accounting.account", "fields": {"is_placeholder": false, "kind": 2, "system": 7, "parent": 51, "name": "incomes"}}, {"pk": 53, "model": "simple_accounting.account", "fields": {"is_placeholder": false, "kind": 3, "system": 7, "parent": 51, "name": "expenses"}}, {"pk": 54, "model": "simple_accounting.account", "fields": {"is_placeholder": false, "kind": 4, "system": 7, "parent": 51, "name": "wallet"}}, {"pk": 55, "model": "simple_accounting.account", "fields": {"is_placeholder": false, "kind": 3, "system": 7, "parent": 53, "name": "other"}}, {"pk": 56, "model": "simple_accounting.account", "fields": {"is_placeholder": false, "kind": 2, "system": 7, "parent": 52, "name": "other"}}, {"pk": 57, "model": "simple_accounting.account", "fields": {"is_placeholder": true, "kind": 3, "system": 4, "parent": 35, "name": "gas"}}, {"pk": 58, "model": "simple_accounting.account", "fields": {"is_placeholder": true, "kind": 3, "system": 4, "parent": 57, "name": "gas-1"}}, {"pk": 59, "model": "simple_accounting.account", "fields": {"is_placeholder": false, "kind": 3, "system": 4, "parent": 58, "name": "recharges"}}, {"pk": 60, "model": "simple_accounting.account", "fields": {"is_placeholder": false, "kind": 3, "system": 4, "parent": 58, "name": "fees"}}, {"pk": 61, "model": "simple_accounting.account", "fields": {"is_placeholder": false, "kind": 4, "system": 2, "parent": 11, "name": "person-2"}}, {"pk": 62, "model": "simple_accounting.account", "fields": {"is_placeholder": true, "kind": 3, "system": 5, "parent": 41, "name": "gas"}}, {"pk": 63, "model": "simple_accounting.account", "fields": {"is_placeholder": true, "kind": 3, "system": 5, "parent": 62, "name": "gas-2"}}, {"pk": 64, "model": "simple_accounting.account", "fields": {"is_placeholder": false, "kind": 3, "system": 5, "parent": 63, "name": "recharges"}}, {"pk": 65, "model": "simple_accounting.account", "fields": {"is_placeholder": false, "kind": 3, "system": 5, "parent": 63, "name": "fees"}}, {"pk": 66, "model": "simple_accounting.account", "fields": {"is_placeholder": false, "kind": 4, "system": 3, "parent": 24, "name": "person-3"}}, {"pk": 67, "model": "simple_accounting.account", "fields": {"is_placeholder": true, "kind": 3, "system": 6, "parent": 47, "name": "gas"}}, {"pk": 68, "model": "simple_accounting.account", "fields": {"is_placeholder": true, "kind": 3, "system": 6, "parent": 67, "name": "gas-1"}}, {"pk": 69, "model": "simple_accounting.account", "fields": {"is_placeholder": false, "kind": 3, "system": 6, "parent": 68, "name": "recharges"}}, {"pk": 70, "model": "simple_accounting.account", "fields": {"is_placeholder": false, "kind": 3, "system": 6, "parent": 68, "name": "fees"}}, {"pk": 71, "model": "simple_accounting.account", "fields": {"is_placeholder": false, "kind": 4, "system": 2, "parent": 11, "name": "person-4"}}, {"pk": 72, "model": "simple_accounting.account", "fields": {"is_placeholder": true, "kind": 3, "system": 6, "parent": 67, "name": "gas-2"}}, {"pk": 73, "model": "simple_accounting.account", "fields": {"is_placeholder": false, "kind": 3, "system": 6, "parent": 72, "name": "recharges"}}, {"pk": 74, "model": "simple_accounting.account", "fields": {"is_placeholder": false, "kind": 3, "system": 6, "parent": 72, "name": "fees"}}, {"pk": 75, "model": "simple_accounting.account", "fields": {"is_placeholder": false, "kind": 4, "system": 3, "parent": 24, "name": "person-4"}}, {"pk": 76, "model": "simple_accounting.account", "fields": {"is_placeholder": true, "kind": 3, "system": 7, "parent": 53, "name": "gas"}}, {"pk": 77, "model": "simple_accounting.account", "fields": {"is_placeholder": true, "kind": 3, "system": 7, "parent": 76, "name": "gas-1"}}, {"pk": 78, "model": "simple_accounting.account", "fields": {"is_placeholder": false, "kind": 3, "system": 7, "parent": 77, "name": "recharges"}}, {"pk": 79, "model": "simple_accounting.account", "fields": {"is_placeholder": false, "kind": 3, "system": 7, "parent": 77, "name": "fees"}}, {"pk": 80, "model": "simple_accounting.account", "fields": {"is_placeholder": false, "kind": 4, "system": 2, "parent": 11, "name": "person-5"}}, {"pk": 81, "model": "simple_accounting.account", "fields": {"is_placeholder": true, "kind": 1, "system": 8, "parent": null, "name": ""}}, {"pk": 82, "model": "simple_accounting.account", "fields": {"is_placeholder": false, "kind": 2, "system": 8, "parent": 81, "name": "incomes"}}, {"pk": 83, "model": "simple_accounting.account", "fields": {"is_placeholder": false, "kind": 3, "system": 8, "parent": 81, "name": "expenses"}}, {"pk": 84, "model": "simple_accounting.account", "fields": {"is_placeholder": false, "kind": 4, "system": 8, "parent": 81, "name": "wallet"}}, {"pk": 85, "model": "simple_accounting.account", "fields": {"is_placeholder": true, "kind": 2, "system": 8, "parent": 82, "name": "gas"}}, {"pk": 86, "model": "simple_accounting.account", "fields": {"is_placeholder": false, "kind": 3, "system": 2, "parent": 12, "name": "supplier-1"}}, {"pk": 87, "model": "simple_accounting.account", "fields": {"is_placeholder": false, "kind": 2, "system": 8, "parent": 85, "name": "gas-1"}}, {"pk": 88, "model": "simple_accounting.account", "fields": {"is_placeholder": false, "kind": 3, "system": 3, "parent": 25, "name": "supplier-1"}}, {"pk": 89, "model": "simple_accounting.account", "fields": {"is_placeholder": false, "kind": 2, "system": 8, "parent": 85, "name": "gas-2"}}]
