[

{"pk":1,"model":"supplier.certification", "fields": {"name":"NameCertification1","description":"BIO certificate description for Entity1" } },
{"pk":2,"model":"supplier.certification", "fields": {"name":"NameCertification2","description":"BIO certificate description for Entity2" } },
{"pk":3,"model":"supplier.certification", "fields": {"name":"NameCertification3","description":"BIO certificate description for Entity3" } },
{"pk":4,"model":"supplier.certification", "fields": {"name":"NameCertification4","description":"BIO certificate description for Entity4" } },
{"pk":5,"model":"supplier.certification", "fields": {"name":"NameCertification5","description":"BIO certificate description for Entity5" } },
{"pk":6,"model":"supplier.certification", "fields": {"name":"NameCertification6","description":"BIO certificate description for Entity6" } },
{"pk":7,"model":"supplier.certification", "fields": {"name":"NameCertification7","description":"BIO certificate description for Entity7" } },
{"pk":8,"model":"supplier.certification", "fields": {"name":"NameCertification8","description":"BIO certificate description for Entity8" } },







{"pk":1,"model":"supplier.supplier", "fields": {"name":"NameSupplier1","website":"http://supplier1.com","flavour":" COMPANY","seat":301,"vat_number": " 9876AB543210" ,"certifications": [] } },
{"pk":2,"model":"supplier.supplier", "fields": {"name":"NameSupplier2","website":"http://supplier2.com","flavour":" COMPANY","seat":302,"vat_number": " 9876AB543211" ,"certifications": [] } },
{"pk":3,"model":"supplier.supplier", "fields": {"name":"NameSupplier3","website":"http://supplier3.com","flavour":" COMPANY","seat":303,"vat_number": " 9876AB543212" ,"certifications": [1] } },
{"pk":4,"model":"supplier.supplier", "fields": {"name":"NameSupplier4","website":"http://supplier4.com","flavour":" COMPANY","seat":304,"vat_number": " 9876AB543213" ,"certifications": [2] } },
{"pk":5,"model":"supplier.supplier", "fields": {"name":"NameSupplier5","website":"http://supplier5.com","flavour":" COMPANY","seat":305,"vat_number": " 9876AB543214" ,"certifications": [3] } },
{"pk":6,"model":"supplier.supplier", "fields": {"name":"NameSupplier6","website":"http://supplier6.com","flavour":" COMPANY","seat":306,"vat_number": " 9876AB543215" ,"certifications": [4] } },
{"pk":7,"model":"supplier.supplier", "fields": {"name":"NameSupplier7","website":"http://supplier7.com","flavour":" COMPANY","seat":307,"vat_number": " 9876AB543216" ,"certifications": [5] } },
{"pk":8,"model":"supplier.supplier", "fields": {"name":"NameSupplier8","website":"http://supplier8.com","flavour":" COMPANY","seat":308,"vat_number": " 9876AB543217" ,"certifications": [1, 2, 3, 6, 8] } },
{"pk":9,"model":"supplier.supplier", "fields": {"name":"NameSupplier9","website":"http://supplier9.com","flavour":" COMPANY","seat":309,"vat_number": " 9876AB543218" ,"certifications": [7] } },
{"pk":10,"model":"supplier.supplier", "fields": {"name":"NameSupplier10","website":"http://supplier10.com","flavour":" COMPANY","seat":310,"vat_number": " 9876AB543219" ,"certifications": [8] } },
{"pk":11,"model":"supplier.supplier", "fields": {"name":"NameSupplier11","website":"http://supplier11.com","flavour":" COMPANY","seat":311,"vat_number": " 9876AB543220" ,"certifications": [] } },
{"pk":12,"model":"supplier.supplier", "fields": {"name":"NameSupplier12","website":"http://supplier12.com","flavour":" COMPANY","seat":312,"vat_number": " 9876AB543221" ,"certifications": [] } },
{"pk":13,"model":"supplier.supplier", "fields": {"name":"NameSupplier13","website":"http://supplier13.com","flavour":" COMPANY","seat":313,"vat_number": " 9876AB543222" ,"certifications": [] } },
{"pk":14,"model":"supplier.supplier", "fields": {"name":"NameSupplier14","website":"http://supplier14.com","flavour":" COMPANY","seat":314,"vat_number": " 9876AB543223" ,"certifications": [1] } },
{"pk":15,"model":"supplier.supplier", "fields": {"name":"NameSupplier15","website":"http://supplier15.com","flavour":" COMPANY","seat":315,"vat_number": " 9876AB543224" ,"certifications": [] } },
{"pk":16,"model":"supplier.supplier", "fields": {"name":"NameSupplier16","website":"http://supplier16.com","flavour":" COMPANY","seat":316,"vat_number": " 9876AB543225" ,"certifications": [] } },
{"pk":17,"model":"supplier.supplier", "fields": {"name":"NameSupplier17","website":"http://supplier17.com","flavour":" COOPERATING","seat":317,"vat_number": " 9876AB543226" ,"certifications": [] } },
{"pk":18,"model":"supplier.supplier", "fields": {"name":"NameSupplier18","website":"http://supplier18.com","flavour":" COOPERATING","seat":318,"vat_number": " 9876AB543227" ,"certifications": [] } },
{"pk":19,"model":"supplier.supplier", "fields": {"name":"NameSupplier19","website":"http://supplier19.com","flavour":" COMPANY","seat":319,"vat_number": " 9876AB543228" ,"certifications": [] } },
{"pk":20,"model":"supplier.supplier", "fields": {"name":"NameSupplier20","website":"http://supplier20.com","flavour":" COMPANY","seat":320,"vat_number": " 9876AB543229" ,"certifications": [] } },
{"pk":21,"model":"supplier.supplier", "fields": {"name":"NameSupplier21","website":"http://supplier21.com","flavour":" COOPERATING","seat":321,"vat_number": " 9876AB543230" ,"certifications": [1, 5, 8] } },
{"pk":22,"model":"supplier.supplier", "fields": {"name":"NameSupplier22","website":"http://supplier22.com","flavour":" COMPANY","seat":322,"vat_number": " 9876AB543231" ,"certifications": [] } },
{"pk":23,"model":"supplier.supplier", "fields": {"name":"NameSupplier23","website":"http://supplier23.com","flavour":" COMPANY","seat":323,"vat_number": " 9876AB543232" ,"certifications": [] } },
{"pk":24,"model":"supplier.supplier", "fields": {"name":"NameSupplier24","website":"http://supplier24.com","flavour":" COMPANY","seat":324,"vat_number": " 9876AB543233" ,"certifications": [] } },
{"pk":25,"model":"supplier.supplier", "fields": {"name":"NameSupplier25","website":"http://supplier25.com","flavour":" COOPERATING","seat":325,"vat_number": " 9876AB543234" ,"certifications": [] } },
{"pk":26,"model":"supplier.supplier", "fields": {"name":"NameSupplier26","website":"http://supplier26.com","flavour":" COMPANY","seat":326,"vat_number": " 9876AB543235" ,"certifications": [] } },
{"pk":27,"model":"supplier.supplier", "fields": {"name":"NameSupplier27","website":"http://supplier27.com","flavour":" COOPERATING","seat":327,"vat_number": " 9876AB543236" ,"certifications": [2] } },
{"pk":28,"model":"supplier.supplier", "fields": {"name":"NameSupplier28","website":"http://supplier28.com","flavour":" COMPANY","seat":328,"vat_number": " 9876AB543237" ,"certifications": [3] } },
{"pk":29,"model":"supplier.supplier", "fields": {"name":"NameSupplier29","website":"http://supplier29.com","flavour":" COMPANY","seat":329,"vat_number": " 9876AB543238" ,"certifications": [4] } },
{"pk":30,"model":"supplier.supplier", "fields": {"name":"NameSupplier30","website":"http://supplier30.com","flavour":" COMPANY","seat":330,"vat_number": " 9876AB543239" ,"certifications": [5] } },
{"pk":31,"model":"supplier.supplier", "fields": {"name":"NameSupplier31","website":"http://supplier31.com","flavour":" COMPANY","seat":331,"vat_number": " 9876AB543240" ,"certifications": [6] } },
{"pk":32,"model":"supplier.supplier", "fields": {"name":"NameSupplier32","website":"http://supplier32.com","flavour":" COMPANY","seat":332,"vat_number": " 9876AB543241" ,"certifications": [7] } },
{"pk":33,"model":"supplier.supplier", "fields": {"name":"NameSupplier33","website":"http://supplier33.com","flavour":" COMPANY","seat":333,"vat_number": " 9876AB543242" ,"certifications": [8] } },
{"pk":34,"model":"supplier.supplier", "fields": {"name":"NameSupplier34","website":"http://supplier34.com","flavour":" COOPERATING","seat":334,"vat_number": " 9876AB543243" ,"certifications": [5] } },
{"pk":35,"model":"supplier.supplier", "fields": {"name":"NameSupplier35","website":"http://supplier35.com","flavour":" COMPANY","seat":335,"vat_number": " 9876AB543244" ,"certifications": [6] } },
{"pk":36,"model":"supplier.supplier", "fields": {"name":"NameSupplier36","website":"http://supplier36.com","flavour":" COMPANY","seat":336,"vat_number": " 9876AB543245" ,"certifications": [7] } },
{"pk":37,"model":"supplier.supplier", "fields": {"name":"NameSupplier37","website":"http://supplier37.com","flavour":" COMPANY","seat":337,"vat_number": " 9876AB543246" ,"certifications": [8] } },
{"pk":38,"model":"supplier.supplier", "fields": {"name":"NameSupplier38","website":"http://supplier38.com","flavour":" COMPANY","seat":338,"vat_number": " 9876AB543247" ,"certifications": [] } },
{"pk":39,"model":"supplier.supplier", "fields": {"name":"NameSupplier39","website":"http://supplier39.com","flavour":" COOPERATING","seat":339,"vat_number": " 9876AB543248" ,"certifications": [] } },
{"pk":40,"model":"supplier.supplier", "fields": {"name":"NameSupplier40","website":"http://supplier40.com","flavour":" COMPANY","seat":340,"vat_number": " 9876AB543249" ,"certifications": [] } },
{"pk":41,"model":"supplier.supplier", "fields": {"name":"NameSupplier41","website":"http://supplier41.com","flavour":" COMPANY","seat":341,"vat_number": " 9876AB543250" ,"certifications": [] } },
{"pk":42,"model":"supplier.supplier", "fields": {"name":"NameSupplier42","website":"http://supplier42.com","flavour":" COMPANY","seat":342,"vat_number": " 9876AB543251" ,"certifications": [] } },
{"pk":43,"model":"supplier.supplier", "fields": {"name":"NameSupplier43","website":"http://supplier43.com","flavour":" COMPANY","seat":343,"vat_number": " 9876AB543252" ,"certifications": [] } },
{"pk":44,"model":"supplier.supplier", "fields": {"name":"NameSupplier44","website":"http://supplier44.com","flavour":" COOPERATING","seat":344,"vat_number": " 9876AB543253" ,"certifications": [] } },
{"pk":45,"model":"supplier.supplier", "fields": {"name":"NameSupplier45","website":"http://supplier45.com","flavour":" COMPANY","seat":345,"vat_number": " 9876AB543254" ,"certifications": [] } },
{"pk":46,"model":"supplier.supplier", "fields": {"name":"NameSupplier46","website":"http://supplier46.com","flavour":" COMPANY","seat":346,"vat_number": " 9876AB543255" ,"certifications": [] } },
{"pk":47,"model":"supplier.supplier", "fields": {"name":"NameSupplier47","website":"http://supplier47.com","flavour":" COMPANY","seat":347,"vat_number": " 9876AB543256" ,"certifications": [] } },
{"pk":48,"model":"supplier.supplier", "fields": {"name":"NameSupplier48","website":"http://supplier48.com","flavour":" COOPERATING","seat":348,"vat_number": " 9876AB543257" ,"certifications": [] } },
{"pk":49,"model":"supplier.supplier", "fields": {"name":"NameSupplier49","website":"http://supplier49.com","flavour":" COMPANY","seat":349,"vat_number": " 9876AB543258" ,"certifications": [1, 2, 3, 6, 8] } },
{"pk":50,"model":"supplier.supplier", "fields": {"name":"NameSupplier50","website":"http://supplier50.com","flavour":" COMPANY","seat":350,"vat_number": " 9876AB543259" ,"certifications": [] } },







{"pk":1,"model":"supplier.supplierreferrer", "fields": {"job_title":"JobTitle X","job_description":"Job description X","supplier": 1,"person": 1 } },
{"pk":2,"model":"supplier.supplierreferrer", "fields": {"job_title":"JobTitle X","job_description":"Job description X","supplier": 2,"person": 2 } },
{"pk":3,"model":"supplier.supplierreferrer", "fields": {"job_title":"JobTitle X","job_description":"Job description X","supplier": 3,"person": 3 } },
{"pk":4,"model":"supplier.supplierreferrer", "fields": {"job_title":"JobTitle Z","job_description":"Job description Z","supplier": 4,"person": 4 } },
{"pk":5,"model":"supplier.supplierreferrer", "fields": {"job_title":"JobTitle Z","job_description":"Job description Z","supplier": 5,"person": 5 } },
{"pk":6,"model":"supplier.supplierreferrer", "fields": {"job_title":"JobTitle Z","job_description":"Job description Z","supplier": 6,"person": 6 } },
{"pk":7,"model":"supplier.supplierreferrer", "fields": {"job_title":"JobTitle Z","job_description":"Job description Z","supplier": 7,"person": 7 } },
{"pk":8,"model":"supplier.supplierreferrer", "fields": {"job_title":"JobTitle Z","job_description":"Job description Z","supplier": 8,"person": 8 } },
{"pk":9,"model":"supplier.supplierreferrer", "fields": {"job_title":"JobTitle W","job_description":"Job description W","supplier": 9,"person": 9 } },
{"pk":10,"model":"supplier.supplierreferrer", "fields": {"job_title":"JobTitle W","job_description":"Job description W","supplier": 10,"person": 10 } },
{"pk":11,"model":"supplier.supplierreferrer", "fields": {"job_title":"JobTitle W","job_description":"Job description W","supplier": 11,"person": 11 } },
{"pk":12,"model":"supplier.supplierreferrer", "fields": {"job_title":"JobTitle W","job_description":"Job description W","supplier": 12,"person": 12 } },
{"pk":13,"model":"supplier.supplierreferrer", "fields": {"job_title":"JobTitle W","job_description":"Job description W","supplier": 13,"person": 13 } },
{"pk":14,"model":"supplier.supplierreferrer", "fields": {"job_title":"JobTitle W","job_description":"Job description W","supplier": 14,"person": 14 } },
{"pk":15,"model":"supplier.supplierreferrer", "fields": {"job_title":"JobTitle W","job_description":"Job description W","supplier": 15,"person": 15 } },
{"pk":16,"model":"supplier.supplierreferrer", "fields": {"job_title":"JobTitle W","job_description":"Job description W","supplier": 16,"person": 16 } },
{"pk":17,"model":"supplier.supplierreferrer", "fields": {"job_title":"JobTitle W","job_description":"Job description W","supplier": 17,"person": 17 } },
{"pk":18,"model":"supplier.supplierreferrer", "fields": {"job_title":"JobTitle W","job_description":"Job description W","supplier": 18,"person": 18 } },
{"pk":19,"model":"supplier.supplierreferrer", "fields": {"job_title":"JobTitle W","job_description":"Job description W","supplier": 19,"person": 19 } },
{"pk":20,"model":"supplier.supplierreferrer", "fields": {"job_title":"JobTitle W","job_description":"Job description W","supplier": 20,"person": 20 } },
{"pk":21,"model":"supplier.supplierreferrer", "fields": {"job_title":"JobTitle W","job_description":"Job description W","supplier": 21,"person": 21 } },
{"pk":22,"model":"supplier.supplierreferrer", "fields": {"job_title":"JobTitle W","job_description":"Job description W","supplier": 22,"person": 22 } },
{"pk":23,"model":"supplier.supplierreferrer", "fields": {"job_title":"JobTitle W","job_description":"Job description W","supplier": 23,"person": 23 } },
{"pk":24,"model":"supplier.supplierreferrer", "fields": {"job_title":"JobTitle W","job_description":"Job description W","supplier": 24,"person": 24 } },
{"pk":25,"model":"supplier.supplierreferrer", "fields": {"job_title":"JobTitle W","job_description":"Job description W","supplier": 25,"person": 25 } },
{"pk":26,"model":"supplier.supplierreferrer", "fields": {"job_title":"JobTitle X","job_description":"Job description X","supplier": 26,"person": 26 } },
{"pk":27,"model":"supplier.supplierreferrer", "fields": {"job_title":"JobTitle Z","job_description":"Job description Z","supplier": 27,"person": 27 } },
{"pk":28,"model":"supplier.supplierreferrer", "fields": {"job_title":"JobTitle Z","job_description":"Job description Z","supplier": 28,"person": 28 } },
{"pk":29,"model":"supplier.supplierreferrer", "fields": {"job_title":"JobTitle Z","job_description":"Job description Z","supplier": 29,"person": 29 } },
{"pk":30,"model":"supplier.supplierreferrer", "fields": {"job_title":"JobTitle W","job_description":"Job description W","supplier": 30,"person": 30 } },
{"pk":31,"model":"supplier.supplierreferrer", "fields": {"job_title":"JobTitle W","job_description":"Job description W","supplier": 31,"person": 31 } },
{"pk":32,"model":"supplier.supplierreferrer", "fields": {"job_title":"JobTitle W","job_description":"Job description W","supplier": 32,"person": 32 } },
{"pk":33,"model":"supplier.supplierreferrer", "fields": {"job_title":"JobTitle W","job_description":"Job description W","supplier": 33,"person": 33 } },
{"pk":34,"model":"supplier.supplierreferrer", "fields": {"job_title":"JobTitle W","job_description":"Job description W","supplier": 34,"person": 34 } },
{"pk":35,"model":"supplier.supplierreferrer", "fields": {"job_title":"JobTitle W","job_description":"Job description W","supplier": 35,"person": 35 } },
{"pk":36,"model":"supplier.supplierreferrer", "fields": {"job_title":"JobTitle W","job_description":"Job description W","supplier": 36,"person": 36 } },
{"pk":37,"model":"supplier.supplierreferrer", "fields": {"job_title":"JobTitle W","job_description":"Job description W","supplier": 37,"person": 37 } },
{"pk":38,"model":"supplier.supplierreferrer", "fields": {"job_title":"JobTitle W","job_description":"Job description W","supplier": 38,"person": 38 } },
{"pk":39,"model":"supplier.supplierreferrer", "fields": {"job_title":"JobTitle W","job_description":"Job description W","supplier": 39,"person": 39 } },
{"pk":40,"model":"supplier.supplierreferrer", "fields": {"job_title":"JobTitle W","job_description":"Job description W","supplier": 40,"person": 40 } },
{"pk":41,"model":"supplier.supplierreferrer", "fields": {"job_title":"JobTitle W","job_description":"Job description W","supplier": 41,"person": 41 } },
{"pk":42,"model":"supplier.supplierreferrer", "fields": {"job_title":"JobTitle W","job_description":"Job description W","supplier": 42,"person": 42 } },
{"pk":43,"model":"supplier.supplierreferrer", "fields": {"job_title":"JobTitle W","job_description":"Job description W","supplier": 43,"person": 43 } },
{"pk":44,"model":"supplier.supplierreferrer", "fields": {"job_title":"JobTitle W","job_description":"Job description W","supplier": 44,"person": 44 } },
{"pk":45,"model":"supplier.supplierreferrer", "fields": {"job_title":"JobTitle L","job_description":"Job description L","supplier": 45,"person": 45 } },
{"pk":46,"model":"supplier.supplierreferrer", "fields": {"job_title":"JobTitle W","job_description":"Job description W","supplier": 46,"person": 46 } },
{"pk":47,"model":"supplier.supplierreferrer", "fields": {"job_title":"JobTitle W","job_description":"Job description W","supplier": 47,"person": 47 } },
{"pk":48,"model":"supplier.supplierreferrer", "fields": {"job_title":"JobTitle W","job_description":"Job description W","supplier": 48,"person": 48 } },
{"pk":49,"model":"supplier.supplierreferrer", "fields": {"job_title":"JobTitle T","job_description":"Job description T","supplier": 49,"person": 49 } },
{"pk":50,"model":"supplier.supplierreferrer", "fields": {"job_title":"JobTitle W","job_description":"Job description W","supplier": 50,"person": 50 } },
{"pk":51,"model":"supplier.supplierreferrer", "fields": {"job_title":"JobTitle A","job_description":"Job description A","supplier": 1,"person": 51 } },
{"pk":52,"model":"supplier.supplierreferrer", "fields": {"job_title":"JobTitle A","job_description":"Job description A","supplier": 2,"person": 52 } },
{"pk":53,"model":"supplier.supplierreferrer", "fields": {"job_title":"JobTitle A","job_description":"Job description A","supplier": 3,"person": 53 } },
{"pk":54,"model":"supplier.supplierreferrer", "fields": {"job_title":"JobTitle A","job_description":"Job description A","supplier": 4,"person": 54 } },
{"pk":55,"model":"supplier.supplierreferrer", "fields": {"job_title":"JobTitle A","job_description":"Job description A","supplier": 5,"person": 55 } },
{"pk":56,"model":"supplier.supplierreferrer", "fields": {"job_title":"JobTitle A","job_description":"Job description A","supplier": 6,"person": 56 } },
{"pk":57,"model":"supplier.supplierreferrer", "fields": {"job_title":"JobTitle A","job_description":"Job description A","supplier": 7,"person": 57 } },
{"pk":58,"model":"supplier.supplierreferrer", "fields": {"job_title":"JobTitle E","job_description":"Job description E","supplier": 8,"person": 58 } },
{"pk":59,"model":"supplier.supplierreferrer", "fields": {"job_title":"JobTitle A","job_description":"Job description A","supplier": 9,"person": 59 } },
{"pk":60,"model":"supplier.supplierreferrer", "fields": {"job_title":"JobTitle E","job_description":"Job description E","supplier": 10,"person": 60 } },
{"pk":61,"model":"supplier.supplierreferrer", "fields": {"job_title":"JobTitle A","job_description":"Job description A","supplier": 11,"person": 61 } },
{"pk":62,"model":"supplier.supplierreferrer", "fields": {"job_title":"JobTitle A","job_description":"Job description A","supplier": 12,"person": 62 } },
{"pk":63,"model":"supplier.supplierreferrer", "fields": {"job_title":"JobTitle A","job_description":"Job description A","supplier": 13,"person": 63 } },
{"pk":64,"model":"supplier.supplierreferrer", "fields": {"job_title":"JobTitle A","job_description":"Job description A","supplier": 14,"person": 64 } },
{"pk":65,"model":"supplier.supplierreferrer", "fields": {"job_title":"JobTitle A","job_description":"Job description A","supplier": 15,"person": 65 } },
{"pk":66,"model":"supplier.supplierreferrer", "fields": {"job_title":"JobTitle A","job_description":"Job description A","supplier": 16,"person": 66 } },
{"pk":67,"model":"supplier.supplierreferrer", "fields": {"job_title":"JobTitle A","job_description":"Job description A","supplier": 17,"person": 67 } },
{"pk":68,"model":"supplier.supplierreferrer", "fields": {"job_title":"JobTitle I","job_description":"Job description I","supplier": 18,"person": 68 } },
{"pk":69,"model":"supplier.supplierreferrer", "fields": {"job_title":"JobTitle A","job_description":"Job description A","supplier": 19,"person": 69 } },
{"pk":70,"model":"supplier.supplierreferrer", "fields": {"job_title":"JobTitle A","job_description":"Job description A","supplier": 20,"person": 70 } },
{"pk":71,"model":"supplier.supplierreferrer", "fields": {"job_title":"JobTitle I","job_description":"Job description I","supplier": 21,"person": 71 } },
{"pk":72,"model":"supplier.supplierreferrer", "fields": {"job_title":"JobTitle A","job_description":"Job description A","supplier": 22,"person": 72 } },
{"pk":73,"model":"supplier.supplierreferrer", "fields": {"job_title":"JobTitle A","job_description":"Job description A","supplier": 23,"person": 73 } },
{"pk":74,"model":"supplier.supplierreferrer", "fields": {"job_title":"JobTitle A","job_description":"Job description A","supplier": 24,"person": 74 } },
{"pk":75,"model":"supplier.supplierreferrer", "fields": {"job_title":"JobTitle A","job_description":"Job description A","supplier": 25,"person": 75 } },
{"pk":76,"model":"supplier.supplierreferrer", "fields": {"job_title":"JobTitle A","job_description":"Job description A","supplier": 26,"person": 76 } },
{"pk":77,"model":"supplier.supplierreferrer", "fields": {"job_title":"JobTitle E","job_description":"Job description E","supplier": 27,"person": 77 } },
{"pk":78,"model":"supplier.supplierreferrer", "fields": {"job_title":"JobTitle A","job_description":"Job description A","supplier": 28,"person": 78 } },
{"pk":79,"model":"supplier.supplierreferrer", "fields": {"job_title":"JobTitle E","job_description":"Job description E","supplier": 29,"person": 79 } },
{"pk":80,"model":"supplier.supplierreferrer", "fields": {"job_title":"JobTitle A","job_description":"Job description A","supplier": 30,"person": 80 } },
{"pk":81,"model":"supplier.supplierreferrer", "fields": {"job_title":"JobTitle A","job_description":"Job description A","supplier": 31,"person": 81 } },
{"pk":82,"model":"supplier.supplierreferrer", "fields": {"job_title":"JobTitle A","job_description":"Job description A","supplier": 32,"person": 82 } },
{"pk":83,"model":"supplier.supplierreferrer", "fields": {"job_title":"JobTitle A","job_description":"Job description A","supplier": 33,"person": 83 } },
{"pk":84,"model":"supplier.supplierreferrer", "fields": {"job_title":"JobTitle E","job_description":"Job description E","supplier": 34,"person": 84 } },
{"pk":85,"model":"supplier.supplierreferrer", "fields": {"job_title":"JobTitle E","job_description":"Job description E","supplier": 35,"person": 85 } },
{"pk":86,"model":"supplier.supplierreferrer", "fields": {"job_title":"JobTitle E","job_description":"Job description E","supplier": 36,"person": 86 } },
{"pk":87,"model":"supplier.supplierreferrer", "fields": {"job_title":"JobTitle E","job_description":"Job description E","supplier": 37,"person": 87 } },
{"pk":88,"model":"supplier.supplierreferrer", "fields": {"job_title":"JobTitle E","job_description":"Job description E","supplier": 38,"person": 88 } },
{"pk":89,"model":"supplier.supplierreferrer", "fields": {"job_title":"JobTitle E","job_description":"Job description E","supplier": 39,"person": 89 } },
{"pk":90,"model":"supplier.supplierreferrer", "fields": {"job_title":"JobTitle E","job_description":"Job description E","supplier": 40,"person": 90 } },
{"pk":91,"model":"supplier.supplierreferrer", "fields": {"job_title":"JobTitle E","job_description":"Job description E","supplier": 41,"person": 91 } },
{"pk":92,"model":"supplier.supplierreferrer", "fields": {"job_title":"JobTitle E","job_description":"Job description E","supplier": 42,"person": 92 } },
{"pk":93,"model":"supplier.supplierreferrer", "fields": {"job_title":"JobTitle A","job_description":"Job description A","supplier": 43,"person": 93 } },
{"pk":94,"model":"supplier.supplierreferrer", "fields": {"job_title":"JobTitle A","job_description":"Job description A","supplier": 44,"person": 94 } },
{"pk":95,"model":"supplier.supplierreferrer", "fields": {"job_title":"JobTitle A","job_description":"Job description A","supplier": 45,"person": 95 } },
{"pk":96,"model":"supplier.supplierreferrer", "fields": {"job_title":"JobTitle A","job_description":"Job description A","supplier": 46,"person": 96 } },
{"pk":97,"model":"supplier.supplierreferrer", "fields": {"job_title":"JobTitle A","job_description":"Job description A","supplier": 47,"person": 97 } },
{"pk":98,"model":"supplier.supplierreferrer", "fields": {"job_title":"JobTitle A","job_description":"Job description A","supplier": 48,"person": 98 } },
{"pk":99,"model":"supplier.supplierreferrer", "fields": {"job_title":"JobTitle O","job_description":"Job description O","supplier": 49,"person": 99 } },
{"pk":100,"model":"supplier.supplierreferrer", "fields": {"job_title":"JobTitle A","job_description":"Job description A","supplier": 50,"person": 100 } }




]

