[

{"pk":1,"model":"supplier.certification", "fields": {"name":"NameCertification1","description":"BIO certificate description for Entity1" } },
{"pk":2,"model":"supplier.certification", "fields": {"name":"NameCertification2","description":"BIO certificate description for Entity2" } },
{"pk":3,"model":"supplier.certification", "fields": {"name":"NameCertification3","description":"BIO certificate description for Entity3" } },
{"pk":4,"model":"supplier.certification", "fields": {"name":"NameCertification4","description":"BIO certificate description for Entity4" } },
{"pk":5,"model":"supplier.certification", "fields": {"name":"NameCertification5","description":"BIO certificate description for Entity5" } },
{"pk":6,"model":"supplier.certification", "fields": {"name":"NameCertification6","description":"BIO certificate description for Entity6" } },
{"pk":7,"model":"supplier.certification", "fields": {"name":"NameCertification7","description":"BIO certificate description for Entity7" } },
{"pk":8,"model":"supplier.certification", "fields": {"name":"NameCertification8","description":"BIO certificate description for Entity8" } },







{"pk":1,"model":"supplier.supplier", "fields": {"name":"NameSupplier1","website":"http://supplier1.com","flavour":" COMPANY","seat":301,"vat_number": " 9876AB543210" ,"certifications": [] } },
{"pk":2,"model":"supplier.supplier", "fields": {"name":"NameSupplier2","website":"http://supplier2.com","flavour":" COMPANY","seat":302,"vat_number": " 9876AB543211" ,"certifications": [] } },
{"pk":3,"model":"supplier.supplier", "fields": {"name":"NameSupplier3","website":"http://supplier3.com","flavour":" COMPANY","seat":303,"vat_number": " 9876AB543212" ,"certifications": [1] } },
{"pk":4,"model":"supplier.supplier", "fields": {"name":"NameSupplier4","website":"http://supplier4.com","flavour":" COMPANY","seat":304,"vat_number": " 9876AB543213" ,"certifications": [2] } },
{"pk":5,"model":"supplier.supplier", "fields": {"name":"NameSupplier5","website":"http://supplier5.com","flavour":" COMPANY","seat":305,"vat_number": " 9876AB543214" ,"certifications": [3] } },
{"pk":6,"model":"supplier.supplier", "fields": {"name":"NameSupplier6","website":"http://supplier6.com","flavour":" COMPANY","seat":306,"vat_number": " 9876AB543215" ,"certifications": [4] } },
{"pk":7,"model":"supplier.supplier", "fields": {"name":"NameSupplier7","website":"http://supplier7.com","flavour":" COMPANY","seat":307,"vat_number": " 9876AB543216" ,"certifications": [5] } },
{"pk":8,"model":"supplier.supplier", "fields": {"name":"NameSupplier8","website":"http://supplier8.com","flavour":" COMPANY","seat":308,"vat_number": " 9876AB543217" ,"certifications": [1, 2, 3, 6, 8] } },
{"pk":9,"model":"supplier.supplier", "fields": {"name":"NameSupplier9","website":"http://supplier9.com","flavour":" COMPANY","seat":309,"vat_number": " 9876AB543218" ,"certifications": [7] } },
{"pk":10,"model":"supplier.supplier", "fields": {"name":"NameSupplier10","website":"http://supplier10.com","flavour":" COMPANY","seat":310,"vat_number": " 9876AB543219" ,"certifications": [8] } },
{"pk":11,"model":"supplier.supplier", "fields": {"name":"NameSupplier11","website":"http://supplier11.com","flavour":" COMPANY","seat":311,"vat_number": " 9876AB543220" ,"certifications": [] } },
{"pk":12,"model":"supplier.supplier", "fields": {"name":"NameSupplier12","website":"http://supplier12.com","flavour":" COMPANY","seat":312,"vat_number": " 9876AB543221" ,"certifications": [] } },
{"pk":13,"model":"supplier.supplier", "fields": {"name":"NameSupplier13","website":"http://supplier13.com","flavour":" COMPANY","seat":313,"vat_number": " 9876AB543222" ,"certifications": [] } },
{"pk":14,"model":"supplier.supplier", "fields": {"name":"NameSupplier14","website":"http://supplier14.com","flavour":" COMPANY","seat":314,"vat_number": " 9876AB543223" ,"certifications": [1] } },
{"pk":15,"model":"supplier.supplier", "fields": {"name":"NameSupplier15","website":"http://supplier15.com","flavour":" COMPANY","seat":315,"vat_number": " 9876AB543224" ,"certifications": [] } },
{"pk":16,"model":"supplier.supplier", "fields": {"name":"NameSupplier16","website":"http://supplier16.com","flavour":" COMPANY","seat":316,"vat_number": " 9876AB543225" ,"certifications": [] } },
{"pk":17,"model":"supplier.supplier", "fields": {"name":"NameSupplier17","website":"http://supplier17.com","flavour":" COOPERATING","seat":317,"vat_number": " 9876AB543226" ,"certifications": [] } },
{"pk":18,"model":"supplier.supplier", "fields": {"name":"NameSupplier18","website":"http://supplier18.com","flavour":" COOPERATING","seat":318,"vat_number": " 9876AB543227" ,"certifications": [] } },
{"pk":19,"model":"supplier.supplier", "fields": {"name":"NameSupplier19","website":"http://supplier19.com","flavour":" COMPANY","seat":319,"vat_number": " 9876AB543228" ,"certifications": [] } },
{"pk":20,"model":"supplier.supplier", "fields": {"name":"NameSupplier20","website":"http://supplier20.com","flavour":" COMPANY","seat":320,"vat_number": " 9876AB543229" ,"certifications": [] } },
{"pk":21,"model":"supplier.supplier", "fields": {"name":"NameSupplier21","website":"http://supplier21.com","flavour":" COOPERATING","seat":321,"vat_number": " 9876AB543230" ,"certifications": [1, 5, 8] } },
{"pk":22,"model":"supplier.supplier", "fields": {"name":"NameSupplier22","website":"http://supplier22.com","flavour":" COMPANY","seat":322,"vat_number": " 9876AB543231" ,"certifications": [] } },
{"pk":23,"model":"supplier.supplier", "fields": {"name":"NameSupplier23","website":"http://supplier23.com","flavour":" COMPANY","seat":323,"vat_number": " 9876AB543232" ,"certifications": [] } },
{"pk":24,"model":"supplier.supplier", "fields": {"name":"NameSupplier24","website":"http://supplier24.com","flavour":" COMPANY","seat":324,"vat_number": " 9876AB543233" ,"certifications": [] } },
{"pk":25,"model":"supplier.supplier", "fields": {"name":"NameSupplier25","website":"http://supplier25.com","flavour":" COOPERATING","seat":325,"vat_number": " 9876AB543234" ,"certifications": [] } },
{"pk":26,"model":"supplier.supplier", "fields": {"name":"NameSupplier26","website":"http://supplier26.com","flavour":" COMPANY","seat":326,"vat_number": " 9876AB543235" ,"certifications": [] } },
{"pk":27,"model":"supplier.supplier", "fields": {"name":"NameSupplier27","website":"http://supplier27.com","flavour":" COOPERATING","seat":327,"vat_number": " 9876AB543236" ,"certifications": [2] } },
{"pk":28,"model":"supplier.supplier", "fields": {"name":"NameSupplier28","website":"http://supplier28.com","flavour":" COMPANY","seat":328,"vat_number": " 9876AB543237" ,"certifications": [3] } },
{"pk":29,"model":"supplier.supplier", "fields": {"name":"NameSupplier29","website":"http://supplier29.com","flavour":" COMPANY","seat":329,"vat_number": " 9876AB543238" ,"certifications": [4] } },
{"pk":30,"model":"supplier.supplier", "fields": {"name":"NameSupplier30","website":"http://supplier30.com","flavour":" COMPANY","seat":330,"vat_number": " 9876AB543239" ,"certifications": [5] } },
{"pk":31,"model":"supplier.supplier", "fields": {"name":"NameSupplier31","website":"http://supplier31.com","flavour":" COMPANY","seat":331,"vat_number": " 9876AB543240" ,"certifications": [6] } },
{"pk":32,"model":"supplier.supplier", "fields": {"name":"NameSupplier32","website":"http://supplier32.com","flavour":" COMPANY","seat":332,"vat_number": " 9876AB543241" ,"certifications": [7] } },
{"pk":33,"model":"supplier.supplier", "fields": {"name":"NameSupplier33","website":"http://supplier33.com","flavour":" COMPANY","seat":333,"vat_number": " 9876AB543242" ,"certifications": [8] } },
{"pk":34,"model":"supplier.supplier", "fields": {"name":"NameSupplier34","website":"http://supplier34.com","flavour":" COOPERATING","seat":334,"vat_number": " 9876AB543243" ,"certifications": [5] } },
{"pk":35,"model":"supplier.supplier", "fields": {"name":"NameSupplier35","website":"http://supplier35.com","flavour":" COMPANY","seat":335,"vat_number": " 9876AB543244" ,"certifications": [6] } },
{"pk":36,"model":"supplier.supplier", "fields": {"name":"NameSupplier36","website":"http://supplier36.com","flavour":" COMPANY","seat":336,"vat_number": " 9876AB543245" ,"certifications": [7] } },
{"pk":37,"model":"supplier.supplier", "fields": {"name":"NameSupplier37","website":"http://supplier37.com","flavour":" COMPANY","seat":337,"vat_number": " 9876AB543246" ,"certifications": [8] } },
{"pk":38,"model":"supplier.supplier", "fields": {"name":"NameSupplier38","website":"http://supplier38.com","flavour":" COMPANY","seat":338,"vat_number": " 9876AB543247" ,"certifications": [] } },
{"pk":39,"model":"supplier.supplier", "fields": {"name":"NameSupplier39","website":"http://supplier39.com","flavour":" COOPERATING","seat":339,"vat_number": " 9876AB543248" ,"certifications": [] } },
{"pk":40,"model":"supplier.supplier", "fields": {"name":"NameSupplier40","website":"http://supplier40.com","flavour":" COMPANY","seat":340,"vat_number": " 9876AB543249" ,"certifications": [] } },
{"pk":41,"model":"supplier.supplier", "fields": {"name":"NameSupplier41","website":"http://supplier41.com","flavour":" COMPANY","seat":341,"vat_number": " 9876AB543250" ,"certifications": [] } },
{"pk":42,"model":"supplier.supplier", "fields": {"name":"NameSupplier42","website":"http://supplier42.com","flavour":" COMPANY","seat":342,"vat_number": " 9876AB543251" ,"certifications": [] } },
{"pk":43,"model":"supplier.supplier", "fields": {"name":"NameSupplier43","website":"http://supplier43.com","flavour":" COMPANY","seat":343,"vat_number": " 9876AB543252" ,"certifications": [] } },
{"pk":44,"model":"supplier.supplier", "fields": {"name":"NameSupplier44","website":"http://supplier44.com","flavour":" COOPERATING","seat":344,"vat_number": " 9876AB543253" ,"certifications": [] } },
{"pk":45,"model":"supplier.supplier", "fields": {"name":"NameSupplier45","website":"http://supplier45.com","flavour":" COMPANY","seat":345,"vat_number": " 9876AB543254" ,"certifications": [] } },
{"pk":46,"model":"supplier.supplier", "fields": {"name":"NameSupplier46","website":"http://supplier46.com","flavour":" COMPANY","seat":346,"vat_number": " 9876AB543255" ,"certifications": [] } },
{"pk":47,"model":"supplier.supplier", "fields": {"name":"NameSupplier47","website":"http://supplier47.com","flavour":" COMPANY","seat":347,"vat_number": " 9876AB543256" ,"certifications": [] } },
{"pk":48,"model":"supplier.supplier", "fields": {"name":"NameSupplier48","website":"http://supplier48.com","flavour":" COOPERATING","seat":348,"vat_number": " 9876AB543257" ,"certifications": [] } },
{"pk":49,"model":"supplier.supplier", "fields": {"name":"NameSupplier49","website":"http://supplier49.com","flavour":" COMPANY","seat":349,"vat_number": " 9876AB543258" ,"certifications": [1, 2, 3, 6, 8] } },
{"pk":50,"model":"supplier.supplier", "fields": {"name":"NameSupplier50","website":"http://supplier50.com","flavour":" COMPANY","seat":350,"vat_number": " 9876AB543259" ,"certifications": [] } },







{"pk":1,"model":"supplier.supplierreferrer", "fields": {"job_title":"JobTitle X","job_description":"Job description X","supplier": 1,"person": 1 } },
{"pk":2,"model":"supplier.supplierreferrer", "fields": {"job_title":"JobTitle X","job_description":"Job description X","supplier": 2,"person": 2 } },
{"pk":3,"model":"supplier.supplierreferrer", "fields": {"job_title":"JobTitle X","job_description":"Job description X","supplier": 3,"person": 3 } },
{"pk":4,"model":"supplier.supplierreferrer", "fields": {"job_title":"JobTitle Z","job_description":"Job description Z","supplier": 4,"person": 4 } },
{"pk":5,"model":"supplier.supplierreferrer", "fields": {"job_title":"JobTitle Z","job_description":"Job description Z","supplier": 5,"person": 5 } },
{"pk":6,"model":"supplier.supplierreferrer", "fields": {"job_title":"JobTitle Z","job_description":"Job description Z","supplier": 6,"person": 6 } },
{"pk":7,"model":"supplier.supplierreferrer", "fields": {"job_title":"JobTitle Z","job_description":"Job description Z","supplier": 7,"person": 7 } },
{"pk":8,"model":"supplier.supplierreferrer", "fields": {"job_title":"JobTitle Z","job_description":"Job description Z","supplier": 8,"person": 8 } },
{"pk":9,"model":"supplier.supplierreferrer", "fields": {"job_title":"JobTitle W","job_description":"Job description W","supplier": 9,"person": 9 } },
{"pk":10,"model":"supplier.supplierreferrer", "fields": {"job_title":"JobTitle W","job_description":"Job description W","supplier": 10,"person": 10 } },
{"pk":11,"model":"supplier.supplierreferrer", "fields": {"job_title":"JobTitle W","job_description":"Job description W","supplier": 11,"person": 11 } },
{"pk":12,"model":"supplier.supplierreferrer", "fields": {"job_title":"JobTitle W","job_description":"Job description W","supplier": 12,"person": 12 } },
{"pk":13,"model":"supplier.supplierreferrer", "fields": {"job_title":"JobTitle W","job_description":"Job description W","supplier": 13,"person": 13 } },
{"pk":14,"model":"supplier.supplierreferrer", "fields": {"job_title":"JobTitle W","job_description":"Job description W","supplier": 14,"person": 14 } },
{"pk":15,"model":"supplier.supplierreferrer", "fields": {"job_title":"JobTitle W","job_description":"Job description W","supplier": 15,"person": 15 } },
{"pk":16,"model":"supplier.supplierreferrer", "fields": {"job_title":"JobTitle W","job_description":"Job description W","supplier": 16,"person": 16 } },
{"pk":17,"model":"supplier.supplierreferrer", "fields": {"job_title":"JobTitle W","job_description":"Job description W","supplier": 17,"person": 17 } },
{"pk":18,"model":"supplier.supplierreferrer", "fields": {"job_title":"JobTitle W","job_description":"Job description W","supplier": 18,"person": 18 } },
{"pk":19,"model":"supplier.supplierreferrer", "fields": {"job_title":"JobTitle W","job_description":"Job description W","supplier": 19,"person": 19 } },
{"pk":20,"model":"supplier.supplierreferrer", "fields": {"job_title":"JobTitle W","job_description":"Job description W","supplier": 20,"person": 20 } },
{"pk":21,"model":"supplier.supplierreferrer", "fields": {"job_title":"JobTitle W","job_description":"Job description W","supplier": 21,"person": 21 } },
{"pk":22,"model":"supplier.supplierreferrer", "fields": {"job_title":"JobTitle W","job_description":"Job description W","supplier": 22,"person": 22 } },
{"pk":23,"model":"supplier.supplierreferrer", "fields": {"job_title":"JobTitle W","job_description":"Job description W","supplier": 23,"person": 23 } },
{"pk":24,"model":"supplier.supplierreferrer", "fields": {"job_title":"JobTitle W","job_description":"Job description W","supplier": 24,"person": 24 } },
{"pk":25,"model":"supplier.supplierreferrer", "fields": {"job_title":"JobTitle W","job_description":"Job description W","supplier": 25,"person": 25 } },
{"pk":26,"model":"supplier.supplierreferrer", "fields": {"job_title":"JobTitle X","job_description":"Job description X","supplier": 26,"person": 26 } },
{"pk":27,"model":"supplier.supplierreferrer", "fields": {"job_title":"JobTitle Z","job_description":"Job description Z","supplier": 27,"person": 27 } },
{"pk":28,"model":"supplier.supplierreferrer", "fields": {"job_title":"JobTitle Z","job_description":"Job description Z","supplier": 28,"person": 28 } },
{"pk":29,"model":"supplier.supplierreferrer", "fields": {"job_title":"JobTitle Z","job_description":"Job description Z","supplier": 29,"person": 29 } },
{"pk":30,"model":"supplier.supplierreferrer", "fields": {"job_title":"JobTitle W","job_description":"Job description W","supplier": 30,"person": 30 } },
{"pk":31,"model":"supplier.supplierreferrer", "fields": {"job_title":"JobTitle W","job_description":"Job description W","supplier": 31,"person": 31 } },
{"pk":32,"model":"supplier.supplierreferrer", "fields": {"job_title":"JobTitle W","job_description":"Job description W","supplier": 32,"person": 32 } },
{"pk":33,"model":"supplier.supplierreferrer", "fields": {"job_title":"JobTitle W","job_description":"Job description W","supplier": 33,"person": 33 } },
{"pk":34,"model":"supplier.supplierreferrer", "fields": {"job_title":"JobTitle W","job_description":"Job description W","supplier": 34,"person": 34 } },
{"pk":35,"model":"supplier.supplierreferrer", "fields": {"job_title":"JobTitle W","job_description":"Job description W","supplier": 35,"person": 35 } },
{"pk":36,"model":"supplier.supplierreferrer", "fields": {"job_title":"JobTitle W","job_description":"Job description W","supplier": 36,"person": 36 } },
{"pk":37,"model":"supplier.supplierreferrer", "fields": {"job_title":"JobTitle W","job_description":"Job description W","supplier": 37,"person": 37 } },
{"pk":38,"model":"supplier.supplierreferrer", "fields": {"job_title":"JobTitle W","job_description":"Job description W","supplier": 38,"person": 38 } },
{"pk":39,"model":"supplier.supplierreferrer", "fields": {"job_title":"JobTitle W","job_description":"Job description W","supplier": 39,"person": 39 } },
{"pk":40,"model":"supplier.supplierreferrer", "fields": {"job_title":"JobTitle W","job_description":"Job description W","supplier": 40,"person": 40 } },
{"pk":41,"model":"supplier.supplierreferrer", "fields": {"job_title":"JobTitle W","job_description":"Job description W","supplier": 41,"person": 41 } },
{"pk":42,"model":"supplier.supplierreferrer", "fields": {"job_title":"JobTitle W","job_description":"Job description W","supplier": 42,"person": 42 } },
{"pk":43,"model":"supplier.supplierreferrer", "fields": {"job_title":"JobTitle W","job_description":"Job description W","supplier": 43,"person": 43 } },
{"pk":44,"model":"supplier.supplierreferrer", "fields": {"job_title":"JobTitle W","job_description":"Job description W","supplier": 44,"person": 44 } },
{"pk":45,"model":"supplier.supplierreferrer", "fields": {"job_title":"JobTitle L","job_description":"Job description L","supplier": 45,"person": 45 } },
{"pk":46,"model":"supplier.supplierreferrer", "fields": {"job_title":"JobTitle W","job_description":"Job description W","supplier": 46,"person": 46 } },
{"pk":47,"model":"supplier.supplierreferrer", "fields": {"job_title":"JobTitle W","job_description":"Job description W","supplier": 47,"person": 47 } },
{"pk":48,"model":"supplier.supplierreferrer", "fields": {"job_title":"JobTitle W","job_description":"Job description W","supplier": 48,"person": 48 } },
{"pk":49,"model":"supplier.supplierreferrer", "fields": {"job_title":"JobTitle T","job_description":"Job description T","supplier": 49,"person": 49 } },
{"pk":50,"model":"supplier.supplierreferrer", "fields": {"job_title":"JobTitle W","job_description":"Job description W","supplier": 50,"person": 50 } },
{"pk":51,"model":"supplier.supplierreferrer", "fields": {"job_title":"JobTitle A","job_description":"Job description A","supplier": 1,"person": 51 } },
{"pk":52,"model":"supplier.supplierreferrer", "fields": {"job_title":"JobTitle A","job_description":"Job description A","supplier": 2,"person": 52 } },
{"pk":53,"model":"supplier.supplierreferrer", "fields": {"job_title":"JobTitle A","job_description":"Job description A","supplier": 3,"person": 53 } },
{"pk":54,"model":"supplier.supplierreferrer", "fields": {"job_title":"JobTitle A","job_description":"Job description A","supplier": 4,"person": 54 } },
{"pk":55,"model":"supplier.supplierreferrer", "fields": {"job_title":"JobTitle A","job_description":"Job description A","supplier": 5,"person": 55 } },
{"pk":56,"model":"supplier.supplierreferrer", "fields": {"job_title":"JobTitle A","job_description":"Job description A","supplier": 6,"person": 56 } },
{"pk":57,"model":"supplier.supplierreferrer", "fields": {"job_title":"JobTitle A","job_description":"Job description A","supplier": 7,"person": 57 } },
{"pk":58,"model":"supplier.supplierreferrer", "fields": {"job_title":"JobTitle E","job_description":"Job description E","supplier": 8,"person": 58 } },
{"pk":59,"model":"supplier.supplierreferrer", "fields": {"job_title":"JobTitle A","job_description":"Job description A","supplier": 9,"person": 59 } },
{"pk":60,"model":"supplier.supplierreferrer", "fields": {"job_title":"JobTitle E","job_description":"Job description E","supplier": 10,"person": 60 } },
{"pk":61,"model":"supplier.supplierreferrer", "fields": {"job_title":"JobTitle A","job_description":"Job description A","supplier": 11,"person": 61 } },
{"pk":62,"model":"supplier.supplierreferrer", "fields": {"job_title":"JobTitle A","job_description":"Job description A","supplier": 12,"person": 62 } },
{"pk":63,"model":"supplier.supplierreferrer", "fields": {"job_title":"JobTitle A","job_description":"Job description A","supplier": 13,"person": 63 } },
{"pk":64,"model":"supplier.supplierreferrer", "fields": {"job_title":"JobTitle A","job_description":"Job description A","supplier": 14,"person": 64 } },
{"pk":65,"model":"supplier.supplierreferrer", "fields": {"job_title":"JobTitle A","job_description":"Job description A","supplier": 15,"person": 65 } },
{"pk":66,"model":"supplier.supplierreferrer", "fields": {"job_title":"JobTitle A","job_description":"Job description A","supplier": 16,"person": 66 } },
{"pk":67,"model":"supplier.supplierreferrer", "fields": {"job_title":"JobTitle A","job_description":"Job description A","supplier": 17,"person": 67 } },
{"pk":68,"model":"supplier.supplierreferrer", "fields": {"job_title":"JobTitle I","job_description":"Job description I","supplier": 18,"person": 68 } },
{"pk":69,"model":"supplier.supplierreferrer", "fields": {"job_title":"JobTitle A","job_description":"Job description A","supplier": 19,"person": 69 } },
{"pk":70,"model":"supplier.supplierreferrer", "fields": {"job_title":"JobTitle A","job_description":"Job description A","supplier": 20,"person": 70 } },
{"pk":71,"model":"supplier.supplierreferrer", "fields": {"job_title":"JobTitle I","job_description":"Job description I","supplier": 21,"person": 71 } },
{"pk":72,"model":"supplier.supplierreferrer", "fields": {"job_title":"JobTitle A","job_description":"Job description A","supplier": 22,"person": 72 } },
{"pk":73,"model":"supplier.supplierreferrer", "fields": {"job_title":"JobTitle A","job_description":"Job description A","supplier": 23,"person": 73 } },
{"pk":74,"model":"supplier.supplierreferrer", "fields": {"job_title":"JobTitle A","job_description":"Job description A","supplier": 24,"person": 74 } },
{"pk":75,"model":"supplier.supplierreferrer", "fields": {"job_title":"JobTitle A","job_description":"Job description A","supplier": 25,"person": 75 } },
{"pk":76,"model":"supplier.supplierreferrer", "fields": {"job_title":"JobTitle A","job_description":"Job description A","supplier": 26,"person": 76 } },
{"pk":77,"model":"supplier.supplierreferrer", "fields": {"job_title":"JobTitle E","job_description":"Job description E","supplier": 27,"person": 77 } },
{"pk":78,"model":"supplier.supplierreferrer", "fields": {"job_title":"JobTitle A","job_description":"Job description A","supplier": 28,"person": 78 } },
{"pk":79,"model":"supplier.supplierreferrer", "fields": {"job_title":"JobTitle E","job_description":"Job description E","supplier": 29,"person": 79 } },
{"pk":80,"model":"supplier.supplierreferrer", "fields": {"job_title":"JobTitle A","job_description":"Job description A","supplier": 30,"person": 80 } },
{"pk":81,"model":"supplier.supplierreferrer", "fields": {"job_title":"JobTitle A","job_description":"Job description A","supplier": 31,"person": 81 } },
{"pk":82,"model":"supplier.supplierreferrer", "fields": {"job_title":"JobTitle A","job_description":"Job description A","supplier": 32,"person": 82 } },
{"pk":83,"model":"supplier.supplierreferrer", "fields": {"job_title":"JobTitle A","job_description":"Job description A","supplier": 33,"person": 83 } },
{"pk":84,"model":"supplier.supplierreferrer", "fields": {"job_title":"JobTitle E","job_description":"Job description E","supplier": 34,"person": 84 } },
{"pk":85,"model":"supplier.supplierreferrer", "fields": {"job_title":"JobTitle E","job_description":"Job description E","supplier": 35,"person": 85 } },
{"pk":86,"model":"supplier.supplierreferrer", "fields": {"job_title":"JobTitle E","job_description":"Job description E","supplier": 36,"person": 86 } },
{"pk":87,"model":"supplier.supplierreferrer", "fields": {"job_title":"JobTitle E","job_description":"Job description E","supplier": 37,"person": 87 } },
{"pk":88,"model":"supplier.supplierreferrer", "fields": {"job_title":"JobTitle E","job_description":"Job description E","supplier": 38,"person": 88 } },
{"pk":89,"model":"supplier.supplierreferrer", "fields": {"job_title":"JobTitle E","job_description":"Job description E","supplier": 39,"person": 89 } },
{"pk":90,"model":"supplier.supplierreferrer", "fields": {"job_title":"JobTitle E","job_description":"Job description E","supplier": 40,"person": 90 } },
{"pk":91,"model":"supplier.supplierreferrer", "fields": {"job_title":"JobTitle E","job_description":"Job description E","supplier": 41,"person": 91 } },
{"pk":92,"model":"supplier.supplierreferrer", "fields": {"job_title":"JobTitle E","job_description":"Job description E","supplier": 42,"person": 92 } },
{"pk":93,"model":"supplier.supplierreferrer", "fields": {"job_title":"JobTitle A","job_description":"Job description A","supplier": 43,"person": 93 } },
{"pk":94,"model":"supplier.supplierreferrer", "fields": {"job_title":"JobTitle A","job_description":"Job description A","supplier": 44,"person": 94 } },
{"pk":95,"model":"supplier.supplierreferrer", "fields": {"job_title":"JobTitle A","job_description":"Job description A","supplier": 45,"person": 95 } },
{"pk":96,"model":"supplier.supplierreferrer", "fields": {"job_title":"JobTitle A","job_description":"Job description A","supplier": 46,"person": 96 } },
{"pk":97,"model":"supplier.supplierreferrer", "fields": {"job_title":"JobTitle A","job_description":"Job description A","supplier": 47,"person": 97 } },
{"pk":98,"model":"supplier.supplierreferrer", "fields": {"job_title":"JobTitle A","job_description":"Job description A","supplier": 48,"person": 98 } },
{"pk":99,"model":"supplier.supplierreferrer", "fields": {"job_title":"JobTitle O","job_description":"Job description O","supplier": 49,"person": 99 } },
{"pk":100,"model":"supplier.supplierreferrer", "fields": {"job_title":"JobTitle A","job_description":"Job description A","supplier": 50,"person": 100 } }, 



{"pk": 1,"model": "supplier.productcategory","fields": {"name": "Farine Cereali :: Cereali in chicchi","description": "description for category and subcategory Farine Cereali :: Cereali in chicchi"}}, 
{"pk": 2,"model": "supplier.productcategory","fields": {"name": "Farine Cereali :: Altre farine","description": "description for category and subcategory Farine Cereali :: Altre farine"}}, 
{"pk": 3,"model": "supplier.productcategory","fields": {"name": "Farine Cereali :: Farina di grano: integrale","description": "description for category and subcategory Farine Cereali :: Farina di grano: integrale"}}, 
{"pk": 4,"model": "supplier.productcategory","fields": {"name": "Farine Cereali :: Farina di grano: semintegrale","description": "description for category and subcategory Farine Cereali :: Farina di grano: semintegrale"}}, 
{"pk": 5,"model": "supplier.productcategory","fields": {"name": "Farine Cereali :: Farina di grano: bianca","description": "description for category and subcategory Farine Cereali :: Farina di grano: bianca"}}, 
{"pk": 6,"model": "supplier.productcategory","fields": {"name": "Prodotti da forno :: Altre prodotti da forno","description": "description for category and subcategory Prodotti da forno :: Altre prodotti da forno"}}, 
{"pk": 7,"model": "supplier.productcategory","fields": {"name": "Prodotti da forno :: Fette biscottate","description": "description for category and subcategory Prodotti da forno :: Fette biscottate"}}, 
{"pk": 8,"model": "supplier.productcategory","fields": {"name": "Prodotti da forno :: CRACKERS SNACK","description": "description for category and subcategory Prodotti da forno :: CRACKERS SNACK"}}, 
{"pk": 9,"model": "supplier.productcategory","fields": {"name": "Prodotti da forno :: Biscotti","description": "description for category and subcategory Prodotti da forno :: Biscotti"}}, 
{"pk": 10,"model": "supplier.productcategory","fields": {"name": "Pasta :: Altre paste","description": "description for category and subcategory Pasta :: Altre paste"}}, 
{"pk": 11,"model": "supplier.productcategory","fields": {"name": "Pasta :: Pasta all'uovo","description": "description for category and subcategory Pasta :: Pasta all'uovo"}}, 
{"pk": 12,"model": "supplier.productcategory","fields": {"name": "Pasta :: PASTA INTEGRALE DI GRANO DURO","description": "description for category and subcategory Pasta :: PASTA INTEGRALE DI GRANO DURO"}}, 
{"pk": 13,"model": "supplier.productcategory","fields": {"name": "Pasta :: PASTA DI SEMOLA DI GRANO DURO","description": "description for category and subcategory Pasta :: PASTA DI SEMOLA DI GRANO DURO"}}, 
{"pk": 14,"model": "supplier.productcategory","fields": {"name": "Pasta :: PASTA DI SEMOLA DI GRANO DURO TR. AL BR.","description": "description for category and subcategory Pasta :: PASTA DI SEMOLA DI GRANO DURO TR. AL BR."}}, 
{"pk": 15,"model": "supplier.productcategory","fields": {"name": "Pasta :: PASTA 100% FARRO: INTEGRALE","description": "description for category and subcategory Pasta :: PASTA 100% FARRO: INTEGRALE"}}, 
{"pk": 16,"model": "supplier.productcategory","fields": {"name": "Farine Cereali :: Cereali in fiocchi","description": "description for category and subcategory Farine Cereali :: Cereali in fiocchi"}}, 
{"pk": 17,"model": "supplier.productcategory","fields": {"name": "Farine Cereali :: Cereali soffiati","description": "description for category and subcategory Farine Cereali :: Cereali soffiati"}}, 
{"pk": 18,"model": "supplier.productcategory","fields": {"name": "Farine Cereali :: Cereali tostati","description": "description for category and subcategory Farine Cereali :: Cereali tostati"}}, 
{"pk": 19,"model": "supplier.productcategory","fields": {"name": "Farine Cereali :: Muesli","description": "description for category and subcategory Farine Cereali :: Muesli"}}, 
{"pk": 20,"model": "supplier.productcategory","fields": {"name": "Frutta :: Agrumi","description": "description for category and subcategory Frutta :: Agrumi"}}, 
{"pk": 21,"model": "supplier.productcategory","fields": {"name": "Frutta :: Frutta locale","description": "description for category and subcategory Frutta :: Frutta locale"}}, 
{"pk": 22,"model": "supplier.productcategory","fields": {"name": "Verdura :: Altra verdura","description": "description for category and subcategory Verdura :: Altra verdura"}}, 
{"pk": 23,"model": "supplier.productcategory","fields": {"name": "Bevande :: Liquori","description": "description for category and subcategory Bevande :: Liquori"}}, 
{"pk": 24,"model": "supplier.productcategory","fields": {"name": "Bevande :: Succhi di frutta","description": "description for category and subcategory Bevande :: Succhi di frutta"}}, 
{"pk": 25,"model": "supplier.productcategory","fields": {"name": "Bevande :: Vino","description": "description for category and subcategory Bevande :: Vino"}}, 
{"pk": 26,"model": "supplier.productcategory","fields": {"name": "Bevande :: Altre bevande","description": "description for category and subcategory Bevande :: Altre bevande"}}, 
{"pk": 27,"model": "supplier.productcategory","fields": {"name": "Bevande Calde&Fredde :: TISANE e INFUSI","description": "description for category and subcategory Bevande Calde&Fredde :: TISANE e INFUSI"}}, 
{"pk": 28,"model": "supplier.productcategory","fields": {"name": "Carta :: CACAO","description": "description for category and subcategory Carta :: CACAO"}}, 
{"pk": 29,"model": "supplier.productcategory","fields": {"name": "Dolci e dolciuni :: CIOCCOLATO","description": "description for category and subcategory Dolci e dolciuni :: CIOCCOLATO"}}, 
{"pk": 30,"model": "supplier.productcategory","fields": {"name": "Altri alimentari :: Formaggi e latticini","description": "description for category and subcategory Altri alimentari :: Formaggi e latticini"}}, 
{"pk": 31,"model": "supplier.productcategory","fields": {"name": "Spezie :: Spezie in polvere macinate","description": "description for category and subcategory Spezie :: Spezie in polvere macinate"}}, 
{"pk": 32,"model": "supplier.productcategory","fields": {"name": "Conserve e verdure sotto vetro :: MARMELLATE CONFETTURE MOSTARDE","description": "description for category and subcategory Conserve e verdure sotto vetro :: MARMELLATE CONFETTURE MOSTARDE"}}, 
{"pk": 33,"model": "supplier.productcategory","fields": {"name": "Altri alimentari :: Miele e prodotti dell'alveare","description": "description for category and subcategory Altri alimentari :: Miele e prodotti dell'alveare"}}, 
{"pk": 34,"model": "supplier.productcategory","fields": {"name": "Altri alimentari :: Olio","description": "description for category and subcategory Altri alimentari :: Olio"}}, 
{"pk": 35,"model": "supplier.productcategory","fields": {"name": "Altri alimentari :: Prodotti senza glutine","description": "description for category and subcategory Altri alimentari :: Prodotti senza glutine"}}, 
{"pk": 36,"model": "supplier.productcategory","fields": {"name": "Altri alimentari :: Riso","description": "description for category and subcategory Altri alimentari :: Riso"}}, 
{"pk": 37,"model": "supplier.productcategory","fields": {"name": "Altri alimentari :: Seitan, tofu e alghe","description": "description for category and subcategory Altri alimentari :: Seitan, tofu e alghe"}}, 
{"pk": 38,"model": "supplier.productcategory","fields": {"name": "Altri alimentari :: Spezie","description": "description for category and subcategory Altri alimentari :: Spezie"}}, 
{"pk": 39,"model": "supplier.productcategory","fields": {"name": "Altri alimentari :: Varie","description": "description for category and subcategory Altri alimentari :: Varie"}}, 
{"pk": 40,"model": "supplier.productcategory","fields": {"name": "Igiene Casa :: Bucato a mano e in lavatrice","description": "description for category and subcategory Igiene Casa :: Bucato a mano e in lavatrice"}}, 
{"pk": 41,"model": "supplier.productcategory","fields": {"name": "Igiene Casa :: Detersivi Stoviglie mano e lavastoviglie","description": "description for category and subcategory Igiene Casa :: Detersivi Stoviglie mano e lavastoviglie"}}, 
{"pk": 42,"model": "supplier.productcategory","fields": {"name": "Igiene Casa :: Ambienti casa Detersivi","description": "description for category and subcategory Igiene Casa :: Ambienti casa Detersivi"}}, 
{"pk": 43,"model": "supplier.productcategory","fields": {"name": "Cosmesi :: Saponi liquidi","description": "description for category and subcategory Cosmesi :: Saponi liquidi"}}, 
{"pk": 44,"model": "supplier.productcategory","fields": {"name": "Cosmesi :: Saponi solidi","description": "description for category and subcategory Cosmesi :: Saponi solidi"}}, 
{"pk": 45,"model": "supplier.productcategory","fields": {"name": "Cosmesi :: Capelli Shampoo Colore Tinture","description": "description for category and subcategory Cosmesi :: Capelli Shampoo Colore Tinture"}}, 
{"pk": 46,"model": "supplier.productcategory","fields": {"name": "Cosmesi :: Crema pomata","description": "description for category and subcategory Cosmesi :: Crema pomata"}}, 
{"pk": 47,"model": "supplier.productcategory","fields": {"name": "Cosmesi :: Olii Burro Argilla","description": "description for category and subcategory Cosmesi :: Olii Burro Argilla"}}, 
{"pk": 48,"model": "supplier.productcategory","fields": {"name": "Cosmesi :: Uguente Stick","description": "description for category and subcategory Cosmesi :: Uguente Stick"}}, 
{"pk": 49,"model": "supplier.productcategory","fields": {"name": "Piante :: Piante aromatiche","description": "description for category and subcategory Piante :: Piante aromatiche"}}, 
{"pk": 50,"model": "supplier.productcategory","fields": {"name": "Piante :: Piante da orto","description": "description for category and subcategory Piante :: Piante da orto"}}, 
{"pk": 51,"model": "supplier.productcategory","fields": {"name": "Fresco :: Formaggi Capra","description": "description for category and subcategory Fresco :: Formaggi Capra"}}, 
{"pk": 52,"model": "supplier.productcategory","fields": {"name": "Fresco :: Formaggi Pecora","description": "description for category and subcategory Fresco :: Formaggi Pecora"}}, 
{"pk": 53,"model": "supplier.productcategory","fields": {"name": "Fresco :: Formaggi Mucca","description": "description for category and subcategory Fresco :: Formaggi Mucca"}}, 
{"pk": 54,"model": "supplier.productcategory","fields": {"name": "Fresco :: Latticini","description": "description for category and subcategory Fresco :: Latticini"}}, 
{"pk": 55,"model": "supplier.productcategory","fields": {"name": "Fresco :: Formaggi","description": "description for category and subcategory Fresco :: Formaggi"}}, 
{"pk": 56,"model": "supplier.productcategory","fields": {"name": "Fresco :: Latte","description": "description for category and subcategory Fresco :: Latte"}}, 
{"pk": 57,"model": "supplier.productcategory","fields": {"name": "Edilizia :: Cassa","description": "description for category and subcategory Edilizia :: Cassa"}}, 
{"pk": 58,"model": "supplier.productcategory","fields": {"name": "Edilizia :: Impianti risparmio","description": "description for category and subcategory Edilizia :: Impianti risparmio"}}, 
{"pk": 59,"model": "supplier.productcategory","fields": {"name": "Carne :: Vitello","description": "description for category and subcategory Carne :: Vitello"}}, 
{"pk": 60,"model": "supplier.productcategory","fields": {"name": "Carne :: Maiale","description": "description for category and subcategory Carne :: Maiale"}}, 
{"pk": 61,"model": "supplier.productcategory","fields": {"name": "Carne :: altre Bianche","description": "description for category and subcategory Carne :: altre Bianche"}}, 
{"pk": 62,"model": "supplier.productcategory","fields": {"name": "Carne :: Polame","description": "description for category and subcategory Carne :: Polame"}}, 
{"pk": 63,"model": "supplier.productcategory","fields": {"name": "Carne :: altre Rosse","description": "description for category and subcategory Carne :: altre Rosse"}}, 
{"pk": 64,"model": "supplier.productcategory","fields": {"name": "Carne :: Ovvino","description": "description for category and subcategory Carne :: Ovvino"}}, 
{"pk": 65,"model": "supplier.productcategory","fields": {"name": "Calzature :: Uomo","description": "description for category and subcategory Calzature :: Uomo"}}, 
{"pk": 66,"model": "supplier.productcategory","fields": {"name": "Calzature :: Donna","description": "description for category and subcategory Calzature :: Donna"}}, 
{"pk": 67,"model": "supplier.productcategory","fields": {"name": "Abbigliamento :: per Uomo","description": "description for category and subcategory Abbigliamento :: per Uomo"}}, 
{"pk": 68,"model": "supplier.productcategory","fields": {"name": "Abbigliamento :: per Donna","description": "description for category and subcategory Abbigliamento :: per Donna"}}, 
{"pk": 69,"model": "supplier.productcategory","fields": {"name": "Olio :: Oliva","description": "description for category and subcategory Olio :: Oliva"}}, 
{"pk": 70,"model": "supplier.productcategory","fields": {"name": "Frutta seccha :: Arachidi","description": "description for category and subcategory Frutta seccha :: Arachidi"}}, 
{"pk": 71,"model": "supplier.productcategory","fields": {"name": "Abbigliamento :: mask abbigliamento","description": "description for category and subcategory Abbigliamento :: mask abbigliamento"}}, 
{"pk": 72,"model": "supplier.productcategory","fields": {"name": "Abbigliamento :: Accessori abbigliamento","description": "description for category and subcategory Abbigliamento :: Accessori abbigliamento"}}, 
{"pk": 73,"model": "supplier.productcategory","fields": {"name": "Abbigliamento :: Costume","description": "description for category and subcategory Abbigliamento :: Costume"}}, 
{"pk": 74,"model": "supplier.productcategory","fields": {"name": "Abbigliamento :: Serata","description": "description for category and subcategory Abbigliamento :: Serata"}}, 
{"pk": 75,"model": "supplier.productcategory","fields": {"name": "Abbigliamento :: Vestiario","description": "description for category and subcategory Abbigliamento :: Vestiario"}}, 
{"pk": 76,"model": "supplier.productcategory","fields": {"name": "Carne :: Lama","description": "description for category and subcategory Carne :: Lama"}}, 
{"pk": 77,"model": "supplier.productcategory","fields": {"name": "Carne :: Coniglio","description": "description for category and subcategory Carne :: Coniglio"}}, 
{"pk": 78,"model": "supplier.productcategory","fields": {"name": "Carta :: Carta riquadro","description": "description for category and subcategory Carta :: Carta riquadro"}}, 
{"pk": 79,"model": "supplier.productcategory","fields": {"name": "Prodotti da forno :: Pane","description": "description for category and subcategory Prodotti da forno :: Pane"}}, 
{"pk": 80,"model": "supplier.productcategory","fields": {"name": "Piante :: Aromi","description": "description for category and subcategory Piante :: Aromi"}}, 
{"pk": 81,"model": "supplier.productcategory","fields": {"name": "Piante :: Cosmetici","description": "description for category and subcategory Piante :: Cosmetici"}}, 
{"pk": 82,"model": "supplier.productcategory","fields": {"name": "Piante :: Diffusori","description": "description for category and subcategory Piante :: Diffusori"}}, 
{"pk": 83,"model": "supplier.productcategory","fields": {"name": "Calzature :: Accessori calzature","description": "description for category and subcategory Calzature :: Accessori calzature"}}, 
{"pk": 84,"model": "supplier.productcategory","fields": {"name": "Bevande Calde&Fredde :: TÈ VERDE","description": "description for category and subcategory Bevande Calde&Fredde :: TÈ VERDE"}}, 
{"pk": 85,"model": "supplier.productcategory","fields": {"name": "Bevande Calde&Fredde :: TÈ NERO","description": "description for category and subcategory Bevande Calde&Fredde :: TÈ NERO"}}, 
{"pk": 86,"model": "supplier.productcategory","fields": {"name": "Pasta :: PASTA 100% FARRO: SEMINTEGRALE","description": "description for category and subcategory Pasta :: PASTA 100% FARRO: SEMINTEGRALE"}}, 
{"pk": 87,"model": "supplier.productcategory","fields": {"name": "Pasta :: PASTA SEMI-INTEGRALE DI KAMUT","description": "description for category and subcategory Pasta :: PASTA SEMI-INTEGRALE DI KAMUT"}}, 
{"pk": 88,"model": "supplier.productcategory","fields": {"name": "Bevande :: Analcoliche & Succhi","description": "description for category and subcategory Bevande :: Analcoliche & Succhi"}}, 
{"pk": 89,"model": "supplier.productcategory","fields": {"name": "Dolci e dolciuni :: ZUCCHERO DI CANNA","description": "description for category and subcategory Dolci e dolciuni :: ZUCCHERO DI CANNA"}}, 
{"pk": 90,"model": "supplier.productcategory","fields": {"name": "Pasta :: PASTA DI SEMOLA DI GRANO DURO (ANTICHI)","description": "description for category and subcategory Pasta :: PASTA DI SEMOLA DI GRANO DURO (ANTICHI)"}}, 
{"pk": 91,"model": "supplier.productcategory","fields": {"name": "Bevande Calde&Fredde :: CAFFÈ","description": "description for category and subcategory Bevande Calde&Fredde :: CAFFÈ"}}, 
{"pk": 92,"model": "supplier.productcategory","fields": {"name": "Bevande Calde&Fredde :: CAFFÈ 100% ARABICA","description": "description for category and subcategory Bevande Calde&Fredde :: CAFFÈ 100% ARABICA"}}, 
{"pk": 93,"model": "supplier.productcategory","fields": {"name": "Farine Cereali :: CEREALI E LEGUMI CONFEZIONATI","description": "description for category and subcategory Farine Cereali :: CEREALI E LEGUMI CONFEZIONATI"}}, 
{"pk": 94,"model": "supplier.productcategory","fields": {"name": "Farine Cereali :: CREME DI CEREALI INTEGRALI CON VERDURE","description": "description for category and subcategory Farine Cereali :: CREME DI CEREALI INTEGRALI CON VERDURE"}}, 
{"pk": 95,"model": "supplier.productcategory","fields": {"name": "Farine Cereali :: MINESTRONI DI CEREALI E VERDURE","description": "description for category and subcategory Farine Cereali :: MINESTRONI DI CEREALI E VERDURE"}}, 
{"pk": 96,"model": "supplier.productcategory","fields": {"name": "Bevande Calde&Fredde :: ORZO","description": "description for category and subcategory Bevande Calde&Fredde :: ORZO"}}, 
{"pk": 97,"model": "supplier.productcategory","fields": {"name": "Farine Cereali :: FARINE MACINATE A PIETRA","description": "description for category and subcategory Farine Cereali :: FARINE MACINATE A PIETRA"}}, 
{"pk": 98,"model": "supplier.productcategory","fields": {"name": "Conserve e verdure sotto vetro :: CONDIMENTI-SUGHI PRONTI","description": "description for category and subcategory Conserve e verdure sotto vetro :: CONDIMENTI-SUGHI PRONTI"}}, 
{"pk": 99,"model": "supplier.productcategory","fields": {"name": "Bevande :: BIRRA","description": "description for category and subcategory Bevande :: BIRRA"}}, 
{"pk": 100,"model": "supplier.productcategory","fields": {"name": "Prodotti da forno :: TARALLI","description": "description for category and subcategory Prodotti da forno :: TARALLI"}}, 
{"pk": 101,"model": "supplier.productcategory","fields": {"name": "Dolci e dolciuni :: CREME SPALMABILI","description": "description for category and subcategory Dolci e dolciuni :: CREME SPALMABILI"}}, 
{"pk": 102,"model": "supplier.productcategory","fields": {"name": "Dolci e dolciuni :: CARAMELLE","description": "description for category and subcategory Dolci e dolciuni :: CARAMELLE"}}, 
{"pk": 103,"model": "supplier.productcategory","fields": {"name": "Spezie :: Spezie intere grani semi","description": "description for category and subcategory Spezie :: Spezie intere grani semi"}}, 
{"pk": 104,"model": "supplier.productcategory","fields": {"name": "Frutta :: Frutta esotica","description": "description for category and subcategory Frutta :: Frutta esotica"}}, 
{"pk": 105,"model": "supplier.productcategory","fields": {"name": "Salute Igiene :: LINEA ERBORISTICA","description": "description for category and subcategory Salute Igiene :: LINEA ERBORISTICA"}}, 
{"pk": 106,"model": "supplier.productcategory","fields": {"name": "Salute Igiene :: Dentifricio","description": "description for category and subcategory Salute Igiene :: Dentifricio"}}, 
{"pk": 107,"model": "supplier.productcategory","fields": {"name": "Igiene Casa :: Profumabiancheria Antitarme","description": "description for category and subcategory Igiene Casa :: Profumabiancheria Antitarme"}}, 
{"pk": 108,"model": "supplier.productcategory","fields": {"name": "Salute Igiene :: Detergente Intimo","description": "description for category and subcategory Salute Igiene :: Detergente Intimo"}}, 
{"pk": 109,"model": "supplier.productcategory","fields": {"name": "Salute Igiene :: Barba e Dopobarba","description": "description for category and subcategory Salute Igiene :: Barba e Dopobarba"}}, 
{"pk": 110,"model": "supplier.productcategory","fields": {"name": "Salute Igiene :: Sole Protezione UV","description": "description for category and subcategory Salute Igiene :: Sole Protezione UV"}}, 
{"pk": 111,"model": "supplier.productcategory","fields": {"name": "Igiene Casa :: Antizanzare","description": "description for category and subcategory Igiene Casa :: Antizanzare"}}, 
{"pk": 112,"model": "supplier.productcategory","fields": {"name": "Igiene Casa :: Brucia Incensi","description": "description for category and subcategory Igiene Casa :: Brucia Incensi"}}, 
{"pk": 113,"model": "supplier.productcategory","fields": {"name": "Igiene Casa :: Incensi Naturali","description": "description for category and subcategory Igiene Casa :: Incensi Naturali"}}, 
{"pk": 114,"model": "supplier.productcategory","fields": {"name": "Igiene Casa :: Resine da Bruciare & Carboncini atossici","description": "description for category and subcategory Igiene Casa :: Resine da Bruciare & Carboncini atossici"}}, 
{"pk": 115,"model": "supplier.productcategory","fields": {"name": "Frutta :: Mela","description": "description for category and subcategory Frutta :: Mela"}}, 
{"pk": 116,"model": "supplier.productcategory","fields": {"name": "Carne :: sdfdsfdsafdsfs22222","description": "description for category and subcategory Carne :: sdfdsfdsafdsfs22222"}}, 
{"pk": 117,"model": "supplier.productcategory","fields": {"name": "Bevande Calde&Fredde :: adsdsads","description": "description for category and subcategory Bevande Calde&Fredde :: adsdsads"}}, 
{"pk": 118,"model": "supplier.productcategory","fields": {"name": "Bevande Calde&Fredde :: CIALDE e SOLUBILI","description": "description for category and subcategory Bevande Calde&Fredde :: CIALDE e SOLUBILI"}}, 
{"pk": 119,"model": "supplier.productcategory","fields": {"name": "Dolci e dolciuni :: CIOCCOLATINI e PRALINE","description": "description for category and subcategory Dolci e dolciuni :: CIOCCOLATINI e PRALINE"}}, 
{"pk": 120,"model": "supplier.productcategory","fields": {"name": "Prodotti da forno :: CRACKERS SNACK salati","description": "description for category and subcategory Prodotti da forno :: CRACKERS SNACK salati"}}, 
{"pk": 121,"model": "supplier.productcategory","fields": {"name": "Farine Cereali :: Altri Legumi","description": "description for category and subcategory Farine Cereali :: Altri Legumi"}}, 
{"pk": 122,"model": "supplier.productcategory","fields": {"name": "Altri alimentari :: PRODOTTI da RICORRENZA","description": "description for category and subcategory Altri alimentari :: PRODOTTI da RICORRENZA"}}, 
{"pk": 123,"model": "supplier.productcategory","fields": {"name": "Altri alimentari :: INTEGRATORI ALIMENTARI","description": "description for category and subcategory Altri alimentari :: INTEGRATORI ALIMENTARI"}}, 
{"pk": 124,"model": "supplier.productcategory","fields": {"name": "Altri alimentari :: integratori","description": "description for category and subcategory Altri alimentari :: integratori"}}, 


{"pk": 1,"model": "supplier.productmu","fields": {"symbol": "BTL","name": "Bottiglia","description": "description for Bottiglia [BTL]"}}, 
{"pk": 2,"model": "supplier.productmu","fields": {"symbol": "BOX","name": "Cartone","description": "description for Cartone [BOX]"}}, 
{"pk": 3,"model": "supplier.productmu","fields": {"symbol": "CX ","name": "Cassa","description": "description for Cassa [CX ]"}}, 
{"pk": 4,"model": "supplier.productmu","fields": {"symbol": "CL ","name": "Centilitro","description": "description for Centilitro [CL ]"}}, 
{"pk": 5,"model": "supplier.productmu","fields": {"symbol": "Cf ","name": "Confezione","description": "description for Confezione [Cf ]"}}, 
{"pk": 6,"model": "supplier.productmu","fields": {"symbol": "DAM","name": "Dama","description": "description for Dama [DAM]"}}, 
{"pk": 7,"model": "supplier.productmu","fields": {"symbol": "DL ","name": "Decilitro","description": "description for Decilitro [DL ]"}}, 
{"pk": 8,"model": "supplier.productmu","fields": {"symbol": "Hg ","name": "Etto","description": "description for Etto [Hg ]"}}, 
{"pk": 9,"model": "supplier.productmu","fields": {"symbol": "PAN","name": "Fila","description": "description for Fila [PAN]"}}, 
{"pk": 10,"model": "supplier.productmu","fields": {"symbol": "FOR","name": "Forma","description": "description for Forma [FOR]"}}, 
{"pk": 11,"model": "supplier.productmu","fields": {"symbol": "Gr ","name": "Grammo","description": "description for Grammo [Gr ]"}}, 
{"pk": 12,"model": "supplier.productmu","fields": {"symbol": "KG ","name": "Kg","description": "description for Kg [KG ]"}}, 
{"pk": 13,"model": "supplier.productmu","fields": {"symbol": "Lt ","name": "Litro","description": "description for Litro [Lt ]"}}, 
{"pk": 14,"model": "supplier.productmu","fields": {"symbol": "ML ","name": "ml","description": "description for ml [ML ]"}}, 
{"pk": 15,"model": "supplier.productmu","fields": {"symbol": "PAC","name": "Pacco","description": "description for Pacco [PAC]"}}, 
{"pk": 16,"model": "supplier.productmu","fields": {"symbol": "PZ ","name": "Pezzo","description": "description for Pezzo [PZ ]"}} 



]

