[{"pk": 5, "model": "workflows.state", "fields": {"transitions": [], "name": "Archived", "workflow": 1}}, {"pk": 6, "model": "workflows.state", "fields": {"transitions": [], "name": "Canceled", "workflow": 1}}, {"pk": 14, "model": "workflows.state", "fields": {"transitions": [], "name": "Canceled", "workflow": 2}}, {"pk": 22, "model": "workflows.state", "fields": {"transitions": [], "name": "Canceled", "workflow": 3}}, {"pk": 3, "model": "workflows.state", "fields": {"transitions": [4, 5, 6], "name": "Closed", "workflow": 1}}, {"pk": 8, "model": "workflows.state", "fields": {"transitions": [8, 9, 11, 15], "name": "Closed", "workflow": 2}}, {"pk": 16, "model": "workflows.state", "fields": {"transitions": [17, 18, 23], "name": "Confirmed", "workflow": 3}}, {"pk": 12, "model": "workflows.state", "fields": {"transitions": [14], "name": "Delivered", "workflow": 2}}, {"pk": 10, "model": "workflows.state", "fields": {"transitions": [12, 15], "name": "Finalized", "workflow": 2}}, {"pk": 17, "model": "workflows.state", "fields": {"transitions": [19, 23], "name": "Finalized", "workflow": 3}}, {"pk": 21, "model": "workflows.state", "fields": {"transitions": [], "name": "Not withdrawn", "workflow": 3}}, {"pk": 9, "model": "workflows.state", "fields": {"transitions": [10, 15], "name": "On completion", "workflow": 2}}, {"pk": 2, "model": "workflows.state", "fields": {"transitions": [2, 3, 6], "name": "Open", "workflow": 1}}, {"pk": 7, "model": "workflows.state", "fields": {"transitions": [7, 15], "name": "Open", "workflow": 2}}, {"pk": 1, "model": "workflows.state", "fields": {"transitions": [1, 6], "name": "Prepared", "workflow": 1}}, {"pk": 19, "model": "workflows.state", "fields": {"transitions": [21, 22], "name": "Ready for withdraw", "workflow": 3}}, {"pk": 18, "model": "workflows.state", "fields": {"transitions": [20, 23], "name": "Sent", "workflow": 3}}, {"pk": 11, "model": "workflows.state", "fields": {"transitions": [13, 15], "name": "Sent", "workflow": 2}}, {"pk": 15, "model": "workflows.state", "fields": {"transitions": [16], "name": "Unconfirmed", "workflow": 3}}, {"pk": 4, "model": "workflows.state", "fields": {"transitions": [4], "name": "Unpaid", "workflow": 1}}, {"pk": 20, "model": "workflows.state", "fields": {"transitions": [], "name": "Withdrawn", "workflow": 3}}, {"pk": 5, "model": "workflows.state", "fields": {"transitions": [], "name": "Archived", "workflow": 1}}, {"pk": 6, "model": "workflows.state", "fields": {"transitions": [], "name": "Canceled", "workflow": 1}}, {"pk": 14, "model": "workflows.state", "fields": {"transitions": [], "name": "Canceled", "workflow": 2}}, {"pk": 22, "model": "workflows.state", "fields": {"transitions": [], "name": "Canceled", "workflow": 3}}, {"pk": 3, "model": "workflows.state", "fields": {"transitions": [4, 5, 6], "name": "Closed", "workflow": 1}}, {"pk": 8, "model": "workflows.state", "fields": {"transitions": [8, 9, 11, 15], "name": "Closed", "workflow": 2}}, {"pk": 16, "model": "workflows.state", "fields": {"transitions": [17, 18, 23], "name": "Confirmed", "workflow": 3}}, {"pk": 12, "model": "workflows.state", "fields": {"transitions": [14], "name": "Delivered", "workflow": 2}}, {"pk": 10, "model": "workflows.state", "fields": {"transitions": [12, 15], "name": "Finalized", "workflow": 2}}, {"pk": 17, "model": "workflows.state", "fields": {"transitions": [19, 23], "name": "Finalized", "workflow": 3}}, {"pk": 21, "model": "workflows.state", "fields": {"transitions": [], "name": "Not withdrawn", "workflow": 3}}, {"pk": 9, "model": "workflows.state", "fields": {"transitions": [10, 15], "name": "On completion", "workflow": 2}}, {"pk": 2, "model": "workflows.state", "fields": {"transitions": [2, 3, 6], "name": "Open", "workflow": 1}}, {"pk": 7, "model": "workflows.state", "fields": {"transitions": [7, 15], "name": "Open", "workflow": 2}}, {"pk": 1, "model": "workflows.state", "fields": {"transitions": [1, 6], "name": "Prepared", "workflow": 1}}, {"pk": 19, "model": "workflows.state", "fields": {"transitions": [21, 22], "name": "Ready for withdraw", "workflow": 3}}, {"pk": 18, "model": "workflows.state", "fields": {"transitions": [20, 23], "name": "Sent", "workflow": 3}}, {"pk": 11, "model": "workflows.state", "fields": {"transitions": [13, 15], "name": "Sent", "workflow": 2}}, {"pk": 15, "model": "workflows.state", "fields": {"transitions": [16], "name": "Unconfirmed", "workflow": 3}}, {"pk": 4, "model": "workflows.state", "fields": {"transitions": [4], "name": "Unpaid", "workflow": 1}}, {"pk": 20, "model": "workflows.state", "fields": {"transitions": [], "name": "Withdrawn", "workflow": 3}}, {"pk": 1, "model": "workflows.transition", "fields": {"permission": null, "destination": 2, "name": "Open", "condition": "", "workflow": 1}}, {"pk": 2, "model": "workflows.transition", "fields": {"permission": null, "destination": 3, "name": "Close", "condition": "", "workflow": 1}}, {"pk": 3, "model": "workflows.transition", "fields": {"permission": null, "destination": 3, "name": "Close and send", "condition": "", "workflow": 1}}, {"pk": 4, "model": "workflows.transition", "fields": {"permission": null, "destination": 5, "name": "Archive", "condition": "", "workflow": 1}}, {"pk": 5, "model": "workflows.transition", "fields": {"permission": null, "destination": 4, "name": "MAKE UNPAID", "condition": "", "workflow": 1}}, {"pk": 6, "model": "workflows.transition", "fields": {"permission": null, "destination": 6, "name": "Cancel", "condition": "", "workflow": 1}}, {"pk": 7, "model": "workflows.transition", "fields": {"permission": null, "destination": 8, "name": "Close", "condition": "", "workflow": 2}}, {"pk": 8, "model": "workflows.transition", "fields": {"permission": null, "destination": 7, "name": "Reopen", "condition": "", "workflow": 2}}, {"pk": 9, "model": "workflows.transition", "fields": {"permission": null, "destination": 9, "name": "Start completion", "condition": "", "workflow": 2}}, {"pk": 10, "model": "workflows.transition", "fields": {"permission": null, "destination": 8, "name": "End completion", "condition": "", "workflow": 2}}, {"pk": 11, "model": "workflows.transition", "fields": {"permission": null, "destination": 10, "name": "Finalize", "condition": "", "workflow": 2}}, {"pk": 12, "model": "workflows.transition", "fields": {"permission": null, "destination": 11, "name": "Send", "condition": "", "workflow": 2}}, {"pk": 13, "model": "workflows.transition", "fields": {"permission": null, "destination": 12, "name": "Set delivered", "condition": "", "workflow": 2}}, {"pk": 14, "model": "workflows.transition", "fields": {"permission": null, "destination": 13, "name": "Archive", "condition": "", "workflow": 2}}, {"pk": 15, "model": "workflows.transition", "fields": {"permission": null, "destination": 14, "name": "Cancel", "condition": "", "workflow": 2}}, {"pk": 16, "model": "workflows.transition", "fields": {"permission": null, "destination": 16, "name": "Confirm", "condition": "", "workflow": 3}}, {"pk": 17, "model": "workflows.transition", "fields": {"permission": null, "destination": 15, "name": "Unconfirm", "condition": "", "workflow": 3}}, {"pk": 18, "model": "workflows.transition", "fields": {"permission": null, "destination": 17, "name": "Finalize", "condition": "", "workflow": 3}}, {"pk": 19, "model": "workflows.transition", "fields": {"permission": null, "destination": 18, "name": "Send", "condition": "", "workflow": 3}}, {"pk": 20, "model": "workflows.transition", "fields": {"permission": null, "destination": 19, "name": "Make ready", "condition": "", "workflow": 3}}, {"pk": 21, "model": "workflows.transition", "fields": {"permission": null, "destination": 20, "name": "Set withdrawn", "condition": "", "workflow": 3}}, {"pk": 22, "model": "workflows.transition", "fields": {"permission": null, "destination": 21, "name": "Set not withdrawn", "condition": "", "workflow": 3}}, {"pk": 23, "model": "workflows.transition", "fields": {"permission": null, "destination": 22, "name": "Cancel", "condition": "", "workflow": 3}}, {"pk": 1, "model": "workflows.workflowobjectrelation", "fields": {"content_id": 1, "content_type": 88, "workflow": 1}}, {"pk": 2, "model": "workflows.workflowobjectrelation", "fields": {"content_id": 2, "content_type": 88, "workflow": 1}}, {"pk": 1, "model": "workflows.stateobjectrelation", "fields": {"state": 2, "content_id": 1, "content_type": 88}}, {"pk": 2, "model": "workflows.stateobjectrelation", "fields": {"state": 2, "content_id": 2, "content_type": 88}}]
